fake,index_size,pc_dims,k,pc_ret,indexing,retrieval
1,5000,0.25,1,5000,0.03326749801635742,0.0009684562683105469
1,5000,0.25,1,10000,0.03326749801635742,0.001813650131225586
1,5000,0.25,1,15000,0.03326749801635742,0.0022575855255126953
1,5000,0.25,1,20000,0.03326749801635742,0.0029876232147216797
1,5000,0.25,1,25000,0.03326749801635742,0.003901243209838867
1,5000,0.25,1,30000,0.03326749801635742,0.0046541690826416016
1,10000,0.25,1,5000,0.024260759353637695,0.0015690326690673828
1,10000,0.25,1,10000,0.024260759353637695,0.002827882766723633
1,10000,0.25,1,15000,0.024260759353637695,0.003962993621826172
1,10000,0.25,1,20000,0.024260759353637695,0.005192995071411133
1,10000,0.25,1,25000,0.024260759353637695,0.007256984710693359
1,10000,0.25,1,30000,0.024260759353637695,0.008187294006347656
1,15000,0.25,1,5000,0.0400388240814209,0.0020208358764648438
1,15000,0.25,1,10000,0.0400388240814209,0.0027611255645751953
1,15000,0.25,1,15000,0.0400388240814209,0.0039823055267333984
1,15000,0.25,1,20000,0.0400388240814209,0.005159139633178711
1,15000,0.25,1,25000,0.0400388240814209,0.006626605987548828
1,15000,0.25,1,30000,0.0400388240814209,0.00907754898071289
1,20000,0.25,1,5000,0.025626420974731445,0.0021028518676757812
1,20000,0.25,1,10000,0.025626420974731445,0.0033254623413085938
1,20000,0.25,1,15000,0.025626420974731445,0.003915309906005859
1,20000,0.25,1,20000,0.025626420974731445,0.005057811737060547
1,20000,0.25,1,25000,0.025626420974731445,0.007066011428833008
1,20000,0.25,1,30000,0.025626420974731445,0.008670806884765625
1,25000,0.25,1,5000,0.06176257133483887,0.0018925666809082031
1,25000,0.25,1,10000,0.06176257133483887,0.002543926239013672
1,25000,0.25,1,15000,0.06176257133483887,0.0038208961486816406
1,25000,0.25,1,20000,0.06176257133483887,0.005400896072387695
1,25000,0.25,1,25000,0.06176257133483887,0.006421804428100586
1,25000,0.25,1,30000,0.06176257133483887,0.008736848831176758
1,30000,0.25,1,5000,0.07596755027770996,0.0016558170318603516
1,30000,0.25,1,10000,0.07596755027770996,0.0033884048461914062
1,30000,0.25,1,15000,0.07596755027770996,0.004714012145996094
1,30000,0.25,1,20000,0.07596755027770996,0.006343364715576172
1,30000,0.25,1,25000,0.07596755027770996,0.0078046321868896484
1,30000,0.25,1,30000,0.07596755027770996,0.010675907135009766
1,35000,0.25,1,5000,0.1396195888519287,0.0017430782318115234
1,35000,0.25,1,10000,0.1396195888519287,0.0030291080474853516
1,35000,0.25,1,15000,0.1396195888519287,0.003565549850463867
1,35000,0.25,1,20000,0.1396195888519287,0.004391193389892578
1,35000,0.25,1,25000,0.1396195888519287,0.0055234432220458984
1,35000,0.25,1,30000,0.1396195888519287,0.00686955451965332
1,40000,0.25,1,5000,0.09624648094177246,0.0016372203826904297
1,40000,0.25,1,10000,0.09624648094177246,0.002743959426879883
1,40000,0.25,1,15000,0.09624648094177246,0.004606723785400391
1,40000,0.25,1,20000,0.09624648094177246,0.005204439163208008
1,40000,0.25,1,25000,0.09624648094177246,0.0067043304443359375
1,40000,0.25,1,30000,0.09624648094177246,0.008099079132080078
1,45000,0.25,1,5000,0.10993599891662598,0.001720428466796875
1,45000,0.25,1,10000,0.10993599891662598,0.0034477710723876953
1,45000,0.25,1,15000,0.10993599891662598,0.0050694942474365234
1,45000,0.25,1,20000,0.10993599891662598,0.006091594696044922
1,45000,0.25,1,25000,0.10993599891662598,0.007292509078979492
1,45000,0.25,1,30000,0.10993599891662598,0.010832786560058594
1,50000,0.25,1,5000,0.11441826820373535,0.0016558170318603516
1,50000,0.25,1,10000,0.11441826820373535,0.0035276412963867188
1,50000,0.25,1,15000,0.11441826820373535,0.0041277408599853516
1,50000,0.25,1,20000,0.11441826820373535,0.005571603775024414
1,50000,0.25,1,25000,0.11441826820373535,0.006925344467163086
1,50000,0.25,1,30000,0.11441826820373535,0.008548974990844727
1,5000,0.5,1,5000,0.013752937316894531,0.0028853416442871094
1,5000,0.5,1,10000,0.013752937316894531,0.006714820861816406
1,5000,0.5,1,15000,0.013752937316894531,0.009122848510742188
1,5000,0.5,1,20000,0.013752937316894531,0.012510538101196289
1,5000,0.5,1,25000,0.013752937316894531,0.016109943389892578
1,5000,0.5,1,30000,0.013752937316894531,0.02689337730407715
1,10000,0.5,1,5000,0.020165681838989258,0.0038237571716308594
1,10000,0.5,1,10000,0.020165681838989258,0.007182121276855469
1,10000,0.5,1,15000,0.020165681838989258,0.010000944137573242
1,10000,0.5,1,20000,0.020165681838989258,0.017531633377075195
1,10000,0.5,1,25000,0.020165681838989258,0.01769733428955078
1,10000,0.5,1,30000,0.020165681838989258,0.022330522537231445
1,15000,0.5,1,5000,0.034116506576538086,0.003548145294189453
1,15000,0.5,1,10000,0.034116506576538086,0.00620722770690918
1,15000,0.5,1,15000,0.034116506576538086,0.008886098861694336
1,15000,0.5,1,20000,0.034116506576538086,0.012928247451782227
1,15000,0.5,1,25000,0.034116506576538086,0.015501976013183594
1,15000,0.5,1,30000,0.034116506576538086,0.018841028213500977
1,20000,0.5,1,5000,0.0357365608215332,0.003916501998901367
1,20000,0.5,1,10000,0.0357365608215332,0.006357431411743164
1,20000,0.5,1,15000,0.0357365608215332,0.009501218795776367
1,20000,0.5,1,20000,0.0357365608215332,0.012787580490112305
1,20000,0.5,1,25000,0.0357365608215332,0.016857624053955078
1,20000,0.5,1,30000,0.0357365608215332,0.02146148681640625
1,25000,0.5,1,5000,0.04495072364807129,0.0040361881256103516
1,25000,0.5,1,10000,0.04495072364807129,0.006328582763671875
1,25000,0.5,1,15000,0.04495072364807129,0.010062932968139648
1,25000,0.5,1,20000,0.04495072364807129,0.013297557830810547
1,25000,0.5,1,25000,0.04495072364807129,0.018808364868164062
1,25000,0.5,1,30000,0.04495072364807129,0.021227359771728516
1,30000,0.5,1,5000,0.08532476425170898,0.0031554698944091797
1,30000,0.5,1,10000,0.08532476425170898,0.005907773971557617
1,30000,0.5,1,15000,0.08532476425170898,0.008647441864013672
1,30000,0.5,1,20000,0.08532476425170898,0.013336658477783203
1,30000,0.5,1,25000,0.08532476425170898,0.016367435455322266
1,30000,0.5,1,30000,0.08532476425170898,0.021260738372802734
1,35000,0.5,1,5000,0.10457277297973633,0.0033311843872070312
1,35000,0.5,1,10000,0.10457277297973633,0.0065076351165771484
1,35000,0.5,1,15000,0.10457277297973633,0.00909113883972168
1,35000,0.5,1,20000,0.10457277297973633,0.013993501663208008
1,35000,0.5,1,25000,0.10457277297973633,0.01647806167602539
1,35000,0.5,1,30000,0.10457277297973633,0.01920485496520996
1,40000,0.5,1,5000,0.10633373260498047,0.0035881996154785156
1,40000,0.5,1,10000,0.10633373260498047,0.006087541580200195
1,40000,0.5,1,15000,0.10633373260498047,0.008596181869506836
1,40000,0.5,1,20000,0.10633373260498047,0.011991024017333984
1,40000,0.5,1,25000,0.10633373260498047,0.015375852584838867
1,40000,0.5,1,30000,0.10633373260498047,0.02144026756286621
1,45000,0.5,1,5000,0.0910036563873291,0.0038309097290039062
1,45000,0.5,1,10000,0.0910036563873291,0.00652003288269043
1,45000,0.5,1,15000,0.0910036563873291,0.009922027587890625
1,45000,0.5,1,20000,0.0910036563873291,0.01320791244506836
1,45000,0.5,1,25000,0.0910036563873291,0.02225971221923828
1,45000,0.5,1,30000,0.0910036563873291,0.021242141723632812
1,50000,0.5,1,5000,0.1119835376739502,0.0036766529083251953
1,50000,0.5,1,10000,0.1119835376739502,0.006644010543823242
1,50000,0.5,1,15000,0.1119835376739502,0.00978851318359375
1,50000,0.5,1,20000,0.1119835376739502,0.01310873031616211
1,50000,0.5,1,25000,0.1119835376739502,0.019169330596923828
1,50000,0.5,1,30000,0.1119835376739502,0.020574092864990234
1,5000,0.75,1,5000,0.012810707092285156,0.0059816837310791016
1,5000,0.75,1,10000,0.012810707092285156,0.010161638259887695
1,5000,0.75,1,15000,0.012810707092285156,0.015596389770507812
1,5000,0.75,1,20000,0.012810707092285156,0.020021915435791016
1,5000,0.75,1,25000,0.012810707092285156,0.02662801742553711
1,5000,0.75,1,30000,0.012810707092285156,0.03562521934509277
1,10000,0.75,1,5000,0.030775070190429688,0.0062999725341796875
1,10000,0.75,1,10000,0.030775070190429688,0.010352373123168945
1,10000,0.75,1,15000,0.030775070190429688,0.014945268630981445
1,10000,0.75,1,20000,0.030775070190429688,0.02023482322692871
1,10000,0.75,1,25000,0.030775070190429688,0.025051116943359375
1,10000,0.75,1,30000,0.030775070190429688,0.03065800666809082
1,15000,0.75,1,5000,0.044919490814208984,0.00607609748840332
1,15000,0.75,1,10000,0.044919490814208984,0.009526491165161133
1,15000,0.75,1,15000,0.044919490814208984,0.016648530960083008
1,15000,0.75,1,20000,0.044919490814208984,0.022205352783203125
1,15000,0.75,1,25000,0.044919490814208984,0.02751445770263672
1,15000,0.75,1,30000,0.044919490814208984,0.036824941635131836
1,20000,0.75,1,5000,0.051761627197265625,0.005298137664794922
1,20000,0.75,1,10000,0.051761627197265625,0.00974726676940918
1,20000,0.75,1,15000,0.051761627197265625,0.014152288436889648
1,20000,0.75,1,20000,0.051761627197265625,0.01976299285888672
1,20000,0.75,1,25000,0.051761627197265625,0.026204586029052734
1,20000,0.75,1,30000,0.051761627197265625,0.03556680679321289
1,25000,0.75,1,5000,0.06255912780761719,0.005311489105224609
1,25000,0.75,1,10000,0.06255912780761719,0.010514974594116211
1,25000,0.75,1,15000,0.06255912780761719,0.015964031219482422
1,25000,0.75,1,20000,0.06255912780761719,0.02007746696472168
1,25000,0.75,1,25000,0.06255912780761719,0.024809837341308594
1,25000,0.75,1,30000,0.06255912780761719,0.030193805694580078
1,30000,0.75,1,5000,0.09386897087097168,0.0061321258544921875
1,30000,0.75,1,10000,0.09386897087097168,0.01224660873413086
1,30000,0.75,1,15000,0.09386897087097168,0.016308069229125977
1,30000,0.75,1,20000,0.09386897087097168,0.025383472442626953
1,30000,0.75,1,25000,0.09386897087097168,0.027238130569458008
1,30000,0.75,1,30000,0.09386897087097168,0.03619122505187988
1,35000,0.75,1,5000,0.10927152633666992,0.004903078079223633
1,35000,0.75,1,10000,0.10927152633666992,0.012160062789916992
1,35000,0.75,1,15000,0.10927152633666992,0.016390085220336914
1,35000,0.75,1,20000,0.10927152633666992,0.02489948272705078
1,35000,0.75,1,25000,0.10927152633666992,0.027249813079833984
1,35000,0.75,1,30000,0.10927152633666992,0.03635430335998535
1,40000,0.75,1,5000,0.1246037483215332,0.0053064823150634766
1,40000,0.75,1,10000,0.1246037483215332,0.012191295623779297
1,40000,0.75,1,15000,0.1246037483215332,0.016060590744018555
1,40000,0.75,1,20000,0.1246037483215332,0.02130413055419922
1,40000,0.75,1,25000,0.1246037483215332,0.030134201049804688
1,40000,0.75,1,30000,0.1246037483215332,0.03551316261291504
1,45000,0.75,1,5000,0.1409006118774414,0.0051708221435546875
1,45000,0.75,1,10000,0.1409006118774414,0.009653806686401367
1,45000,0.75,1,15000,0.1409006118774414,0.018803834915161133
1,45000,0.75,1,20000,0.1409006118774414,0.022148847579956055
1,45000,0.75,1,25000,0.1409006118774414,0.03085017204284668
1,45000,0.75,1,30000,0.1409006118774414,0.036337852478027344
1,50000,0.75,1,5000,0.1528177261352539,0.005044460296630859
1,50000,0.75,1,10000,0.1528177261352539,0.009986162185668945
1,50000,0.75,1,15000,0.1528177261352539,0.014718770980834961
1,50000,0.75,1,20000,0.1528177261352539,0.023703336715698242
1,50000,0.75,1,25000,0.1528177261352539,0.025516271591186523
1,50000,0.75,1,30000,0.1528177261352539,0.04093432426452637
1,5000,1.0,1,5000,0.016747236251831055,0.007222175598144531
1,5000,1.0,1,10000,0.016747236251831055,0.013244152069091797
1,5000,1.0,1,15000,0.016747236251831055,0.022789955139160156
1,5000,1.0,1,20000,0.016747236251831055,0.029254674911499023
1,5000,1.0,1,25000,0.016747236251831055,0.040250301361083984
1,5000,1.0,1,30000,0.016747236251831055,0.04853034019470215
1,10000,1.0,1,5000,0.03934955596923828,0.007824420928955078
1,10000,1.0,1,10000,0.03934955596923828,0.016945838928222656
1,10000,1.0,1,15000,0.03934955596923828,0.022191286087036133
1,10000,1.0,1,20000,0.03934955596923828,0.03350257873535156
1,10000,1.0,1,25000,0.03934955596923828,0.040337562561035156
1,10000,1.0,1,30000,0.03934955596923828,0.049138545989990234
1,15000,1.0,1,5000,0.05032992362976074,0.00729823112487793
1,15000,1.0,1,10000,0.05032992362976074,0.01379537582397461
1,15000,1.0,1,15000,0.05032992362976074,0.020740270614624023
1,15000,1.0,1,20000,0.05032992362976074,0.03479623794555664
1,15000,1.0,1,25000,0.05032992362976074,0.04591012001037598
1,15000,1.0,1,30000,0.05032992362976074,0.05585789680480957
1,20000,1.0,1,5000,0.07380151748657227,0.006937980651855469
1,20000,1.0,1,10000,0.07380151748657227,0.014159202575683594
1,20000,1.0,1,15000,0.07380151748657227,0.01973581314086914
1,20000,1.0,1,20000,0.07380151748657227,0.03105759620666504
1,20000,1.0,1,25000,0.07380151748657227,0.04941153526306152
1,20000,1.0,1,30000,0.07380151748657227,0.05787086486816406
1,25000,1.0,1,5000,0.08640432357788086,0.006711483001708984
1,25000,1.0,1,10000,0.08640432357788086,0.013580799102783203
1,25000,1.0,1,15000,0.08640432357788086,0.021496057510375977
1,25000,1.0,1,20000,0.08640432357788086,0.03506278991699219
1,25000,1.0,1,25000,0.08640432357788086,0.04605674743652344
1,25000,1.0,1,30000,0.08640432357788086,0.05685091018676758
1,30000,1.0,1,5000,0.11630725860595703,0.006568431854248047
1,30000,1.0,1,10000,0.11630725860595703,0.01428675651550293
1,30000,1.0,1,15000,0.11630725860595703,0.02304244041442871
1,30000,1.0,1,20000,0.11630725860595703,0.03436422348022461
1,30000,1.0,1,25000,0.11630725860595703,0.046202659606933594
1,30000,1.0,1,30000,0.11630725860595703,0.05674314498901367
1,35000,1.0,1,5000,0.11298370361328125,0.0068225860595703125
1,35000,1.0,1,10000,0.11298370361328125,0.013147354125976562
1,35000,1.0,1,15000,0.11298370361328125,0.02229022979736328
1,35000,1.0,1,20000,0.11298370361328125,0.03403520584106445
1,35000,1.0,1,25000,0.11298370361328125,0.045470476150512695
1,35000,1.0,1,30000,0.11298370361328125,0.05642843246459961
1,40000,1.0,1,5000,0.14928507804870605,0.0065081119537353516
1,40000,1.0,1,10000,0.14928507804870605,0.013238668441772461
1,40000,1.0,1,15000,0.14928507804870605,0.019220590591430664
1,40000,1.0,1,20000,0.14928507804870605,0.032274723052978516
1,40000,1.0,1,25000,0.14928507804870605,0.045853614807128906
1,40000,1.0,1,30000,0.14928507804870605,0.056113243103027344
1,45000,1.0,1,5000,0.17278194427490234,0.006668567657470703
1,45000,1.0,1,10000,0.17278194427490234,0.015064477920532227
1,45000,1.0,1,15000,0.17278194427490234,0.02387380599975586
1,45000,1.0,1,20000,0.17278194427490234,0.030199289321899414
1,45000,1.0,1,25000,0.17278194427490234,0.04872417449951172
1,45000,1.0,1,30000,0.17278194427490234,0.05718064308166504
1,50000,1.0,1,5000,0.18963027000427246,0.006688594818115234
1,50000,1.0,1,10000,0.18963027000427246,0.01584148406982422
1,50000,1.0,1,15000,0.18963027000427246,0.02177286148071289
1,50000,1.0,1,20000,0.18963027000427246,0.030194759368896484
1,50000,1.0,1,25000,0.18963027000427246,0.04900836944580078
1,50000,1.0,1,30000,0.18963027000427246,0.057732343673706055
1,5000,0.25,11,5000,0.01492929458618164,0.0017130374908447266
1,5000,0.25,11,10000,0.01492929458618164,0.0033545494079589844
1,5000,0.25,11,15000,0.01492929458618164,0.005357503890991211
1,5000,0.25,11,20000,0.01492929458618164,0.005568504333496094
1,5000,0.25,11,25000,0.01492929458618164,0.006712675094604492
1,5000,0.25,11,30000,0.01492929458618164,0.008251190185546875
1,10000,0.25,11,5000,0.031123876571655273,0.002382516860961914
1,10000,0.25,11,10000,0.031123876571655273,0.0037069320678710938
1,10000,0.25,11,15000,0.031123876571655273,0.0045318603515625
1,10000,0.25,11,20000,0.031123876571655273,0.0057735443115234375
1,10000,0.25,11,25000,0.031123876571655273,0.0077855587005615234
1,10000,0.25,11,30000,0.031123876571655273,0.009282588958740234
1,15000,0.25,11,5000,0.08384275436401367,0.0018739700317382812
1,15000,0.25,11,10000,0.08384275436401367,0.0032219886779785156
1,15000,0.25,11,15000,0.08384275436401367,0.003841400146484375
1,15000,0.25,11,20000,0.08384275436401367,0.005146026611328125
1,15000,0.25,11,25000,0.08384275436401367,0.006326436996459961
1,15000,0.25,11,30000,0.08384275436401367,0.007605552673339844
1,20000,0.25,11,5000,0.05069112777709961,0.0018908977508544922
1,20000,0.25,11,10000,0.05069112777709961,0.002952098846435547
1,20000,0.25,11,15000,0.05069112777709961,0.004453897476196289
1,20000,0.25,11,20000,0.05069112777709961,0.0060803890228271484
1,20000,0.25,11,25000,0.05069112777709961,0.0077283382415771484
1,20000,0.25,11,30000,0.05069112777709961,0.009301900863647461
1,25000,0.25,11,5000,0.06148529052734375,0.0015888214111328125
1,25000,0.25,11,10000,0.06148529052734375,0.002857208251953125
1,25000,0.25,11,15000,0.06148529052734375,0.004624605178833008
1,25000,0.25,11,20000,0.06148529052734375,0.0061342716217041016
1,25000,0.25,11,25000,0.06148529052734375,0.007103443145751953
1,25000,0.25,11,30000,0.06148529052734375,0.008371353149414062
1,30000,0.25,11,5000,0.05407142639160156,0.0017769336700439453
1,30000,0.25,11,10000,0.05407142639160156,0.0031423568725585938
1,30000,0.25,11,15000,0.05407142639160156,0.004204750061035156
1,30000,0.25,11,20000,0.05407142639160156,0.006613731384277344
1,30000,0.25,11,25000,0.05407142639160156,0.007238626480102539
1,30000,0.25,11,30000,0.05407142639160156,0.00957036018371582
1,35000,0.25,11,5000,0.2336580753326416,0.0009164810180664062
1,35000,0.25,11,10000,0.2336580753326416,0.0019104480743408203
1,35000,0.25,11,15000,0.2336580753326416,0.0023643970489501953
1,35000,0.25,11,20000,0.2336580753326416,0.003548860549926758
1,35000,0.25,11,25000,0.2336580753326416,0.004483222961425781
1,35000,0.25,11,30000,0.2336580753326416,0.0054547786712646484
1,40000,0.25,11,5000,0.11750364303588867,0.0009183883666992188
1,40000,0.25,11,10000,0.11750364303588867,0.0015592575073242188
1,40000,0.25,11,15000,0.11750364303588867,0.002589702606201172
1,40000,0.25,11,20000,0.11750364303588867,0.003427267074584961
1,40000,0.25,11,25000,0.11750364303588867,0.004128694534301758
1,40000,0.25,11,30000,0.11750364303588867,0.004759073257446289
1,45000,0.25,11,5000,0.10856127738952637,0.0015401840209960938
1,45000,0.25,11,10000,0.10856127738952637,0.003299236297607422
1,45000,0.25,11,15000,0.10856127738952637,0.003984689712524414
1,45000,0.25,11,20000,0.10856127738952637,0.0050809383392333984
1,45000,0.25,11,25000,0.10856127738952637,0.006426334381103516
1,45000,0.25,11,30000,0.10856127738952637,0.0071032047271728516
1,50000,0.25,11,5000,0.11830377578735352,0.0015382766723632812
1,50000,0.25,11,10000,0.11830377578735352,0.0032596588134765625
1,50000,0.25,11,15000,0.11830377578735352,0.004503011703491211
1,50000,0.25,11,20000,0.11830377578735352,0.0059931278228759766
1,50000,0.25,11,25000,0.11830377578735352,0.006830453872680664
1,50000,0.25,11,30000,0.11830377578735352,0.008115530014038086
1,5000,0.5,11,5000,0.013704061508178711,0.003237009048461914
1,5000,0.5,11,10000,0.013704061508178711,0.0056955814361572266
1,5000,0.5,11,15000,0.013704061508178711,0.009108543395996094
1,5000,0.5,11,20000,0.013704061508178711,0.011441469192504883
1,5000,0.5,11,25000,0.013704061508178711,0.013990402221679688
1,5000,0.5,11,30000,0.013704061508178711,0.01734328269958496
1,10000,0.5,11,5000,0.018088579177856445,0.0043048858642578125
1,10000,0.5,11,10000,0.018088579177856445,0.007112979888916016
1,10000,0.5,11,15000,0.018088579177856445,0.009951353073120117
1,10000,0.5,11,20000,0.018088579177856445,0.012757062911987305
1,10000,0.5,11,25000,0.018088579177856445,0.016426563262939453
1,10000,0.5,11,30000,0.018088579177856445,0.020233154296875
1,15000,0.5,11,5000,0.026946067810058594,0.004395484924316406
1,15000,0.5,11,10000,0.026946067810058594,0.007577419281005859
1,15000,0.5,11,15000,0.026946067810058594,0.010213136672973633
1,15000,0.5,11,20000,0.026946067810058594,0.012650251388549805
1,15000,0.5,11,25000,0.026946067810058594,0.016466140747070312
1,15000,0.5,11,30000,0.026946067810058594,0.019931554794311523
1,20000,0.5,11,5000,0.03749394416809082,0.0045053958892822266
1,20000,0.5,11,10000,0.03749394416809082,0.00762939453125
1,20000,0.5,11,15000,0.03749394416809082,0.010746955871582031
1,20000,0.5,11,20000,0.03749394416809082,0.013636589050292969
1,20000,0.5,11,25000,0.03749394416809082,0.016937732696533203
1,20000,0.5,11,30000,0.03749394416809082,0.022127866744995117
1,25000,0.5,11,5000,0.04986739158630371,0.004365682601928711
1,25000,0.5,11,10000,0.04986739158630371,0.006991147994995117
1,25000,0.5,11,15000,0.04986739158630371,0.010075092315673828
1,25000,0.5,11,20000,0.04986739158630371,0.013983011245727539
1,25000,0.5,11,25000,0.04986739158630371,0.018366575241088867
1,25000,0.5,11,30000,0.04986739158630371,0.02217388153076172
1,30000,0.5,11,5000,0.06739234924316406,0.0037593841552734375
1,30000,0.5,11,10000,0.06739234924316406,0.005864620208740234
1,30000,0.5,11,15000,0.06739234924316406,0.008713245391845703
1,30000,0.5,11,20000,0.06739234924316406,0.011637210845947266
1,30000,0.5,11,25000,0.06739234924316406,0.01436305046081543
1,30000,0.5,11,30000,0.06739234924316406,0.01855921745300293
1,35000,0.5,11,5000,0.06486749649047852,0.0039408206939697266
1,35000,0.5,11,10000,0.06486749649047852,0.007342815399169922
1,35000,0.5,11,15000,0.06486749649047852,0.010793924331665039
1,35000,0.5,11,20000,0.06486749649047852,0.013789653778076172
1,35000,0.5,11,25000,0.06486749649047852,0.017139434814453125
1,35000,0.5,11,30000,0.06486749649047852,0.02056407928466797
1,40000,0.5,11,5000,0.0886845588684082,0.0037622451782226562
1,40000,0.5,11,10000,0.0886845588684082,0.007101535797119141
1,40000,0.5,11,15000,0.0886845588684082,0.010480165481567383
1,40000,0.5,11,20000,0.0886845588684082,0.014034748077392578
1,40000,0.5,11,25000,0.0886845588684082,0.017266273498535156
1,40000,0.5,11,30000,0.0886845588684082,0.021310806274414062
1,45000,0.5,11,5000,0.09476494789123535,0.004002094268798828
1,45000,0.5,11,10000,0.09476494789123535,0.006991147994995117
1,45000,0.5,11,15000,0.09476494789123535,0.01187753677368164
1,45000,0.5,11,20000,0.09476494789123535,0.014641046524047852
1,45000,0.5,11,25000,0.09476494789123535,0.02092146873474121
1,45000,0.5,11,30000,0.09476494789123535,0.022523164749145508
1,50000,0.5,11,5000,0.12548041343688965,0.003296375274658203
1,50000,0.5,11,10000,0.12548041343688965,0.005873680114746094
1,50000,0.5,11,15000,0.12548041343688965,0.00827932357788086
1,50000,0.5,11,20000,0.12548041343688965,0.011061906814575195
1,50000,0.5,11,25000,0.12548041343688965,0.014161825180053711
1,50000,0.5,11,30000,0.12548041343688965,0.025954723358154297
1,5000,0.75,11,5000,0.013562679290771484,0.0059931278228759766
1,5000,0.75,11,10000,0.013562679290771484,0.010629415512084961
1,5000,0.75,11,15000,0.013562679290771484,0.01856398582458496
1,5000,0.75,11,20000,0.013562679290771484,0.022194862365722656
1,5000,0.75,11,25000,0.013562679290771484,0.026642560958862305
1,5000,0.75,11,30000,0.013562679290771484,0.043241262435913086
1,10000,0.75,11,5000,0.028790712356567383,0.006244659423828125
1,10000,0.75,11,10000,0.028790712356567383,0.010431289672851562
1,10000,0.75,11,15000,0.028790712356567383,0.018017292022705078
1,10000,0.75,11,20000,0.028790712356567383,0.022901535034179688
1,10000,0.75,11,25000,0.028790712356567383,0.02706432342529297
1,10000,0.75,11,30000,0.028790712356567383,0.03657841682434082
1,15000,0.75,11,5000,0.042331695556640625,0.005654573440551758
1,15000,0.75,11,10000,0.042331695556640625,0.00986933708190918
1,15000,0.75,11,15000,0.042331695556640625,0.01851058006286621
1,15000,0.75,11,20000,0.042331695556640625,0.022515535354614258
1,15000,0.75,11,25000,0.042331695556640625,0.02699732780456543
1,15000,0.75,11,30000,0.042331695556640625,0.03649544715881348
1,20000,0.75,11,5000,0.0612640380859375,0.0063512325286865234
1,20000,0.75,11,10000,0.0612640380859375,0.010533809661865234
1,20000,0.75,11,15000,0.0612640380859375,0.015323400497436523
1,20000,0.75,11,20000,0.0612640380859375,0.02291417121887207
1,20000,0.75,11,25000,0.0612640380859375,0.02740335464477539
1,20000,0.75,11,30000,0.0612640380859375,0.03701138496398926
1,25000,0.75,11,5000,0.07340407371520996,0.0055980682373046875
1,25000,0.75,11,10000,0.07340407371520996,0.010032176971435547
1,25000,0.75,11,15000,0.07340407371520996,0.015201330184936523
1,25000,0.75,11,20000,0.07340407371520996,0.021555662155151367
1,25000,0.75,11,25000,0.07340407371520996,0.02739691734313965
1,25000,0.75,11,30000,0.07340407371520996,0.035875558853149414
1,30000,0.75,11,5000,0.08341646194458008,0.005324840545654297
1,30000,0.75,11,10000,0.08341646194458008,0.010607719421386719
1,30000,0.75,11,15000,0.08341646194458008,0.01584935188293457
1,30000,0.75,11,20000,0.08341646194458008,0.021640300750732422
1,30000,0.75,11,25000,0.08341646194458008,0.02730417251586914
1,30000,0.75,11,30000,0.08341646194458008,0.04289841651916504
1,35000,0.75,11,5000,0.11313605308532715,0.0054094791412353516
1,35000,0.75,11,10000,0.11313605308532715,0.011256217956542969
1,35000,0.75,11,15000,0.11313605308532715,0.017884254455566406
1,35000,0.75,11,20000,0.11313605308532715,0.025423049926757812
1,35000,0.75,11,25000,0.11313605308532715,0.02819228172302246
1,35000,0.75,11,30000,0.11313605308532715,0.03710746765136719
1,40000,0.75,11,5000,0.13646483421325684,0.0044744014739990234
1,40000,0.75,11,10000,0.13646483421325684,0.008479595184326172
1,40000,0.75,11,15000,0.13646483421325684,0.0149078369140625
1,40000,0.75,11,20000,0.13646483421325684,0.019428491592407227
1,40000,0.75,11,25000,0.13646483421325684,0.027220487594604492
1,40000,0.75,11,30000,0.13646483421325684,0.0331878662109375
1,45000,0.75,11,5000,0.13775968551635742,0.005328655242919922
1,45000,0.75,11,10000,0.13775968551635742,0.01113271713256836
1,45000,0.75,11,15000,0.13775968551635742,0.018462419509887695
1,45000,0.75,11,20000,0.13775968551635742,0.022633790969848633
1,45000,0.75,11,25000,0.13775968551635742,0.03129124641418457
1,45000,0.75,11,30000,0.13775968551635742,0.037369489669799805
1,50000,0.75,11,5000,0.14933514595031738,0.005270719528198242
1,50000,0.75,11,10000,0.14933514595031738,0.010162830352783203
1,50000,0.75,11,15000,0.14933514595031738,0.01787853240966797
1,50000,0.75,11,20000,0.14933514595031738,0.022015094757080078
1,50000,0.75,11,25000,0.14933514595031738,0.026849985122680664
1,50000,0.75,11,30000,0.14933514595031738,0.041768550872802734
1,5000,1.0,11,5000,0.017781972885131836,0.007254362106323242
1,5000,1.0,11,10000,0.017781972885131836,0.015978574752807617
1,5000,1.0,11,15000,0.017781972885131836,0.021788835525512695
1,5000,1.0,11,20000,0.017781972885131836,0.036064863204956055
1,5000,1.0,11,25000,0.017781972885131836,0.04588961601257324
1,5000,1.0,11,30000,0.017781972885131836,0.06098604202270508
1,10000,1.0,11,5000,0.03998422622680664,0.008007526397705078
1,10000,1.0,11,10000,0.03998422622680664,0.013975858688354492
1,10000,1.0,11,15000,0.03998422622680664,0.02303004264831543
1,10000,1.0,11,20000,0.03998422622680664,0.03518939018249512
1,10000,1.0,11,25000,0.03998422622680664,0.045279502868652344
1,10000,1.0,11,30000,0.03998422622680664,0.05643320083618164
1,15000,1.0,11,5000,0.05321955680847168,0.007413625717163086
1,15000,1.0,11,10000,0.05321955680847168,0.01419377326965332
1,15000,1.0,11,15000,0.05321955680847168,0.019904375076293945
1,15000,1.0,11,20000,0.05321955680847168,0.03526926040649414
1,15000,1.0,11,25000,0.05321955680847168,0.04589056968688965
1,15000,1.0,11,30000,0.05321955680847168,0.05655837059020996
1,20000,1.0,11,5000,0.07214975357055664,0.00721430778503418
1,20000,1.0,11,10000,0.07214975357055664,0.014389753341674805
1,20000,1.0,11,15000,0.07214975357055664,0.020366907119750977
1,20000,1.0,11,20000,0.07214975357055664,0.0310823917388916
1,20000,1.0,11,25000,0.07214975357055664,0.0496525764465332
1,20000,1.0,11,30000,0.07214975357055664,0.05802631378173828
1,25000,1.0,11,5000,0.10658407211303711,0.007285594940185547
1,25000,1.0,11,10000,0.10658407211303711,0.016028404235839844
1,25000,1.0,11,15000,0.10658407211303711,0.025471925735473633
1,25000,1.0,11,20000,0.10658407211303711,0.03181600570678711
1,25000,1.0,11,25000,0.10658407211303711,0.04673051834106445
1,25000,1.0,11,30000,0.10658407211303711,0.06174921989440918
1,30000,1.0,11,5000,0.1025705337524414,0.0068492889404296875
1,30000,1.0,11,10000,0.1025705337524414,0.013994216918945312
1,30000,1.0,11,15000,0.1025705337524414,0.022538423538208008
1,30000,1.0,11,20000,0.1025705337524414,0.034013986587524414
1,30000,1.0,11,25000,0.1025705337524414,0.045960426330566406
1,30000,1.0,11,30000,0.1025705337524414,0.06078815460205078
1,35000,1.0,11,5000,0.1258847713470459,0.006812572479248047
1,35000,1.0,11,10000,0.1258847713470459,0.013170242309570312
1,35000,1.0,11,15000,0.1258847713470459,0.021088838577270508
1,35000,1.0,11,20000,0.1258847713470459,0.028661727905273438
1,35000,1.0,11,25000,0.1258847713470459,0.04547834396362305
1,35000,1.0,11,30000,0.1258847713470459,0.055925607681274414
1,40000,1.0,11,5000,0.15805482864379883,0.007122516632080078
1,40000,1.0,11,10000,0.15805482864379883,0.012568473815917969
1,40000,1.0,11,15000,0.15805482864379883,0.019678592681884766
1,40000,1.0,11,20000,0.15805482864379883,0.03196263313293457
1,40000,1.0,11,25000,0.15805482864379883,0.04616045951843262
1,40000,1.0,11,30000,0.15805482864379883,0.055791378021240234
1,45000,1.0,11,5000,0.1699085235595703,0.006361961364746094
1,45000,1.0,11,10000,0.1699085235595703,0.013139724731445312
1,45000,1.0,11,15000,0.1699085235595703,0.01920795440673828
1,45000,1.0,11,20000,0.1699085235595703,0.03194594383239746
1,45000,1.0,11,25000,0.1699085235595703,0.04608297348022461
1,45000,1.0,11,30000,0.1699085235595703,0.055954694747924805
1,50000,1.0,11,5000,0.18131351470947266,0.0065212249755859375
1,50000,1.0,11,10000,0.18131351470947266,0.012796163558959961
1,50000,1.0,11,15000,0.18131351470947266,0.020143508911132812
1,50000,1.0,11,20000,0.18131351470947266,0.029608488082885742
1,50000,1.0,11,25000,0.18131351470947266,0.039066314697265625
1,50000,1.0,11,30000,0.18131351470947266,0.047226905822753906
1,5000,0.25,21,5000,0.01606583595275879,0.00215911865234375
1,5000,0.25,21,10000,0.01606583595275879,0.0037698745727539062
1,5000,0.25,21,15000,0.01606583595275879,0.0046842098236083984
1,5000,0.25,21,20000,0.01606583595275879,0.0061109066009521484
1,5000,0.25,21,25000,0.01606583595275879,0.007712364196777344
1,5000,0.25,21,30000,0.01606583595275879,0.00958871841430664
1,10000,0.25,21,5000,0.031046152114868164,0.0022585391998291016
1,10000,0.25,21,10000,0.031046152114868164,0.004289388656616211
1,10000,0.25,21,15000,0.031046152114868164,0.004896640777587891
1,10000,0.25,21,20000,0.031046152114868164,0.0060884952545166016
1,10000,0.25,21,25000,0.031046152114868164,0.008096456527709961
1,10000,0.25,21,30000,0.031046152114868164,0.01019740104675293
1,15000,0.25,21,5000,0.04188966751098633,0.002619504928588867
1,15000,0.25,21,10000,0.04188966751098633,0.003953218460083008
1,15000,0.25,21,15000,0.04188966751098633,0.005255460739135742
1,15000,0.25,21,20000,0.04188966751098633,0.007997274398803711
1,15000,0.25,21,25000,0.04188966751098633,0.009626388549804688
1,15000,0.25,21,30000,0.04188966751098633,0.012022018432617188
1,20000,0.25,21,5000,0.05648970603942871,0.0021800994873046875
1,20000,0.25,21,10000,0.05648970603942871,0.0034334659576416016
1,20000,0.25,21,15000,0.05648970603942871,0.005103349685668945
1,20000,0.25,21,20000,0.05648970603942871,0.00681614875793457
1,20000,0.25,21,25000,0.05648970603942871,0.008925437927246094
1,20000,0.25,21,30000,0.05648970603942871,0.010458946228027344
1,25000,0.25,21,5000,0.10376906394958496,0.00171661376953125
1,25000,0.25,21,10000,0.10376906394958496,0.0031757354736328125
1,25000,0.25,21,15000,0.10376906394958496,0.0045320987701416016
1,25000,0.25,21,20000,0.10376906394958496,0.005731344223022461
1,25000,0.25,21,25000,0.10376906394958496,0.006308317184448242
1,25000,0.25,21,30000,0.10376906394958496,0.00803995132446289
1,30000,0.25,21,5000,0.16631674766540527,0.0010128021240234375
1,30000,0.25,21,10000,0.16631674766540527,0.00196075439453125
1,30000,0.25,21,15000,0.16631674766540527,0.0027544498443603516
1,30000,0.25,21,20000,0.16631674766540527,0.0037703514099121094
1,30000,0.25,21,25000,0.16631674766540527,0.004669189453125
1,30000,0.25,21,30000,0.16631674766540527,0.005657672882080078
1,35000,0.25,21,5000,0.09231162071228027,0.0019316673278808594
1,35000,0.25,21,10000,0.09231162071228027,0.0036635398864746094
1,35000,0.25,21,15000,0.09231162071228027,0.0058155059814453125
1,35000,0.25,21,20000,0.09231162071228027,0.006330728530883789
1,35000,0.25,21,25000,0.09231162071228027,0.007536888122558594
1,35000,0.25,21,30000,0.09231162071228027,0.009539365768432617
1,40000,0.25,21,5000,0.1330406665802002,0.0009672641754150391
1,40000,0.25,21,10000,0.1330406665802002,0.0018494129180908203
1,40000,0.25,21,15000,0.1330406665802002,0.002816438674926758
1,40000,0.25,21,20000,0.1330406665802002,0.003626585006713867
1,40000,0.25,21,25000,0.1330406665802002,0.0046651363372802734
1,40000,0.25,21,30000,0.1330406665802002,0.005407571792602539
1,45000,0.25,21,5000,0.11067700386047363,0.0018048286437988281
1,45000,0.25,21,10000,0.11067700386047363,0.003217935562133789
1,45000,0.25,21,15000,0.11067700386047363,0.004506111145019531
1,45000,0.25,21,20000,0.11067700386047363,0.006298542022705078
1,45000,0.25,21,25000,0.11067700386047363,0.007192373275756836
1,45000,0.25,21,30000,0.11067700386047363,0.008219480514526367
1,50000,0.25,21,5000,0.11167073249816895,0.0019156932830810547
1,50000,0.25,21,10000,0.11167073249816895,0.004006624221801758
1,50000,0.25,21,15000,0.11167073249816895,0.004933595657348633
1,50000,0.25,21,20000,0.11167073249816895,0.006610393524169922
1,50000,0.25,21,25000,0.11167073249816895,0.007810831069946289
1,50000,0.25,21,30000,0.11167073249816895,0.009089231491088867
1,5000,0.5,21,5000,0.01279592514038086,0.0025675296783447266
1,5000,0.5,21,10000,0.01279592514038086,0.006369113922119141
1,5000,0.5,21,15000,0.01279592514038086,0.009746313095092773
1,5000,0.5,21,20000,0.01279592514038086,0.012055397033691406
1,5000,0.5,21,25000,0.01279592514038086,0.01495218276977539
1,5000,0.5,21,30000,0.01279592514038086,0.01948714256286621
1,10000,0.5,21,5000,0.019421100616455078,0.004385471343994141
1,10000,0.5,21,10000,0.019421100616455078,0.0074520111083984375
1,10000,0.5,21,15000,0.019421100616455078,0.009856224060058594
1,10000,0.5,21,20000,0.019421100616455078,0.013213872909545898
1,10000,0.5,21,25000,0.019421100616455078,0.018503904342651367
1,10000,0.5,21,30000,0.019421100616455078,0.021854162216186523
1,15000,0.5,21,5000,0.02788519859313965,0.004849672317504883
1,15000,0.5,21,10000,0.02788519859313965,0.007515668869018555
1,15000,0.5,21,15000,0.02788519859313965,0.01078176498413086
1,15000,0.5,21,20000,0.02788519859313965,0.014221906661987305
1,15000,0.5,21,25000,0.02788519859313965,0.017047405242919922
1,15000,0.5,21,30000,0.02788519859313965,0.02087259292602539
1,20000,0.5,21,5000,0.05930924415588379,0.0032532215118408203
1,20000,0.5,21,10000,0.05930924415588379,0.006592988967895508
1,20000,0.5,21,15000,0.05930924415588379,0.008975982666015625
1,20000,0.5,21,20000,0.05930924415588379,0.012067556381225586
1,20000,0.5,21,25000,0.05930924415588379,0.015251874923706055
1,20000,0.5,21,30000,0.05930924415588379,0.0184175968170166
1,25000,0.5,21,5000,0.04299163818359375,0.004236936569213867
1,25000,0.5,21,10000,0.04299163818359375,0.00833272933959961
1,25000,0.5,21,15000,0.04299163818359375,0.011312484741210938
1,25000,0.5,21,20000,0.04299163818359375,0.014349222183227539
1,25000,0.5,21,25000,0.04299163818359375,0.017708778381347656
1,25000,0.5,21,30000,0.04299163818359375,0.021502256393432617
1,30000,0.5,21,5000,0.05858612060546875,0.004143953323364258
1,30000,0.5,21,10000,0.05858612060546875,0.007679462432861328
1,30000,0.5,21,15000,0.05858612060546875,0.010608673095703125
1,30000,0.5,21,20000,0.05858612060546875,0.014325380325317383
1,30000,0.5,21,25000,0.05858612060546875,0.01763439178466797
1,30000,0.5,21,30000,0.05858612060546875,0.020818233489990234
1,35000,0.5,21,5000,0.07396364212036133,0.004141330718994141
1,35000,0.5,21,10000,0.07396364212036133,0.007898092269897461
1,35000,0.5,21,15000,0.07396364212036133,0.010367870330810547
1,35000,0.5,21,20000,0.07396364212036133,0.014236688613891602
1,35000,0.5,21,25000,0.07396364212036133,0.01833629608154297
1,35000,0.5,21,30000,0.07396364212036133,0.022694826126098633
1,40000,0.5,21,5000,0.11356258392333984,0.003952741622924805
1,40000,0.5,21,10000,0.11356258392333984,0.006923675537109375
1,40000,0.5,21,15000,0.11356258392333984,0.01003718376159668
1,40000,0.5,21,20000,0.11356258392333984,0.013147830963134766
1,40000,0.5,21,25000,0.11356258392333984,0.016265869140625
1,40000,0.5,21,30000,0.11356258392333984,0.020646333694458008
1,45000,0.5,21,5000,0.08395051956176758,0.003703594207763672
1,45000,0.5,21,10000,0.08395051956176758,0.0077745914459228516
1,45000,0.5,21,15000,0.08395051956176758,0.010235071182250977
1,45000,0.5,21,20000,0.08395051956176758,0.014240026473999023
1,45000,0.5,21,25000,0.08395051956176758,0.01854419708251953
1,45000,0.5,21,30000,0.08395051956176758,0.021949291229248047
1,50000,0.5,21,5000,0.09952020645141602,0.004040718078613281
1,50000,0.5,21,10000,0.09952020645141602,0.006913661956787109
1,50000,0.5,21,15000,0.09952020645141602,0.011080026626586914
1,50000,0.5,21,20000,0.09952020645141602,0.01388692855834961
1,50000,0.5,21,25000,0.09952020645141602,0.017411470413208008
1,50000,0.5,21,30000,0.09952020645141602,0.02159285545349121
1,5000,0.75,21,5000,0.014508485794067383,0.005738496780395508
1,5000,0.75,21,10000,0.014508485794067383,0.012777090072631836
1,5000,0.75,21,15000,0.014508485794067383,0.014904499053955078
1,5000,0.75,21,20000,0.014508485794067383,0.020029544830322266
1,5000,0.75,21,25000,0.014508485794067383,0.024469852447509766
1,5000,0.75,21,30000,0.014508485794067383,0.042447566986083984
1,10000,0.75,21,5000,0.03004288673400879,0.006449699401855469
1,10000,0.75,21,10000,0.03004288673400879,0.010912656784057617
1,10000,0.75,21,15000,0.03004288673400879,0.01668238639831543
1,10000,0.75,21,20000,0.03004288673400879,0.0215609073638916
1,10000,0.75,21,25000,0.03004288673400879,0.026566267013549805
1,10000,0.75,21,30000,0.03004288673400879,0.04496049880981445
1,15000,0.75,21,5000,0.038135528564453125,0.007021427154541016
1,15000,0.75,21,10000,0.038135528564453125,0.010601043701171875
1,15000,0.75,21,15000,0.038135528564453125,0.015631675720214844
1,15000,0.75,21,20000,0.038135528564453125,0.02089977264404297
1,15000,0.75,21,25000,0.038135528564453125,0.028290748596191406
1,15000,0.75,21,30000,0.038135528564453125,0.03848123550415039
1,20000,0.75,21,5000,0.06189846992492676,0.006485939025878906
1,20000,0.75,21,10000,0.06189846992492676,0.013155698776245117
1,20000,0.75,21,15000,0.06189846992492676,0.019885778427124023
1,20000,0.75,21,20000,0.06189846992492676,0.02408599853515625
1,20000,0.75,21,25000,0.06189846992492676,0.02938222885131836
1,20000,0.75,21,30000,0.06189846992492676,0.0388486385345459
1,25000,0.75,21,5000,0.07024049758911133,0.005500316619873047
1,25000,0.75,21,10000,0.07024049758911133,0.011354923248291016
1,25000,0.75,21,15000,0.07024049758911133,0.017092227935791016
1,25000,0.75,21,20000,0.07024049758911133,0.02225661277770996
1,25000,0.75,21,25000,0.07024049758911133,0.027268648147583008
1,25000,0.75,21,30000,0.07024049758911133,0.032874107360839844
1,30000,0.75,21,5000,0.0943288803100586,0.005536794662475586
1,30000,0.75,21,10000,0.0943288803100586,0.010704517364501953
1,30000,0.75,21,15000,0.0943288803100586,0.019965648651123047
1,30000,0.75,21,20000,0.0943288803100586,0.026333332061767578
1,30000,0.75,21,25000,0.0943288803100586,0.02886366844177246
1,30000,0.75,21,30000,0.0943288803100586,0.038547515869140625
1,35000,0.75,21,5000,0.11428284645080566,0.0061113834381103516
1,35000,0.75,21,10000,0.11428284645080566,0.011040687561035156
1,35000,0.75,21,15000,0.11428284645080566,0.01887369155883789
1,35000,0.75,21,20000,0.11428284645080566,0.026685476303100586
1,35000,0.75,21,25000,0.11428284645080566,0.029666662216186523
1,35000,0.75,21,30000,0.11428284645080566,0.038727521896362305
1,40000,0.75,21,5000,0.12970280647277832,0.0059223175048828125
1,40000,0.75,21,10000,0.12970280647277832,0.010932445526123047
1,40000,0.75,21,15000,0.12970280647277832,0.01730036735534668
1,40000,0.75,21,20000,0.12970280647277832,0.026543617248535156
1,40000,0.75,21,25000,0.12970280647277832,0.03290510177612305
1,40000,0.75,21,30000,0.12970280647277832,0.03894925117492676
1,45000,0.75,21,5000,0.13490533828735352,0.00571751594543457
1,45000,0.75,21,10000,0.13490533828735352,0.011482477188110352
1,45000,0.75,21,15000,0.13490533828735352,0.0187530517578125
1,45000,0.75,21,20000,0.13490533828735352,0.02438950538635254
1,45000,0.75,21,25000,0.13490533828735352,0.04248046875
1,45000,0.75,21,30000,0.13490533828735352,0.03733253479003906
1,50000,0.75,21,5000,0.1544511318206787,0.005311250686645508
1,50000,0.75,21,10000,0.1544511318206787,0.01058816909790039
1,50000,0.75,21,15000,0.1544511318206787,0.015946626663208008
1,50000,0.75,21,20000,0.1544511318206787,0.022141218185424805
1,50000,0.75,21,25000,0.1544511318206787,0.026906728744506836
1,50000,0.75,21,30000,0.1544511318206787,0.04404640197753906
1,5000,1.0,21,5000,0.017575979232788086,0.007853269577026367
1,5000,1.0,21,10000,0.017575979232788086,0.015483617782592773
1,5000,1.0,21,15000,0.017575979232788086,0.025752782821655273
1,5000,1.0,21,20000,0.017575979232788086,0.03718423843383789
1,5000,1.0,21,25000,0.017575979232788086,0.0492548942565918
1,5000,1.0,21,30000,0.017575979232788086,0.05871725082397461
1,10000,1.0,21,5000,0.03964090347290039,0.008237123489379883
1,10000,1.0,21,10000,0.03964090347290039,0.014951467514038086
1,10000,1.0,21,15000,0.03964090347290039,0.027970552444458008
1,10000,1.0,21,20000,0.03964090347290039,0.0338132381439209
1,10000,1.0,21,25000,0.03964090347290039,0.05237126350402832
1,10000,1.0,21,30000,0.03964090347290039,0.061632394790649414
1,15000,1.0,21,5000,0.05332612991333008,0.007597208023071289
1,15000,1.0,21,10000,0.05332612991333008,0.01443338394165039
1,15000,1.0,21,15000,0.05332612991333008,0.0215299129486084
1,15000,1.0,21,20000,0.05332612991333008,0.03153061866760254
1,15000,1.0,21,25000,0.05332612991333008,0.05218172073364258
1,15000,1.0,21,30000,0.05332612991333008,0.06102752685546875
1,20000,1.0,21,5000,0.07814216613769531,0.007296562194824219
1,20000,1.0,21,10000,0.07814216613769531,0.01763463020324707
1,20000,1.0,21,15000,0.07814216613769531,0.026490211486816406
1,20000,1.0,21,20000,0.07814216613769531,0.03343701362609863
1,20000,1.0,21,25000,0.07814216613769531,0.04928159713745117
1,20000,1.0,21,30000,0.07814216613769531,0.06442856788635254
1,25000,1.0,21,5000,0.09433412551879883,0.007642984390258789
1,25000,1.0,21,10000,0.09433412551879883,0.015495538711547852
1,25000,1.0,21,15000,0.09433412551879883,0.02458500862121582
1,25000,1.0,21,20000,0.09433412551879883,0.03607606887817383
1,25000,1.0,21,25000,0.09433412551879883,0.048273324966430664
1,25000,1.0,21,30000,0.09433412551879883,0.05968141555786133
1,30000,1.0,21,5000,0.11697673797607422,0.006914854049682617
1,30000,1.0,21,10000,0.11697673797607422,0.013556480407714844
1,30000,1.0,21,15000,0.11697673797607422,0.02570056915283203
1,30000,1.0,21,20000,0.11697673797607422,0.035710811614990234
1,30000,1.0,21,25000,0.11697673797607422,0.048085689544677734
1,30000,1.0,21,30000,0.11697673797607422,0.058732032775878906
1,35000,1.0,21,5000,0.13018131256103516,0.007227420806884766
1,35000,1.0,21,10000,0.13018131256103516,0.014949560165405273
1,35000,1.0,21,15000,0.13018131256103516,0.020699262619018555
1,35000,1.0,21,20000,0.13018131256103516,0.03453493118286133
1,35000,1.0,21,25000,0.13018131256103516,0.048494577407836914
1,35000,1.0,21,30000,0.13018131256103516,0.05924201011657715
1,40000,1.0,21,5000,0.14255571365356445,0.007051229476928711
1,40000,1.0,21,10000,0.14255571365356445,0.014014959335327148
1,40000,1.0,21,15000,0.14255571365356445,0.021584033966064453
1,40000,1.0,21,20000,0.14255571365356445,0.02894878387451172
1,40000,1.0,21,25000,0.14255571365356445,0.04169917106628418
1,40000,1.0,21,30000,0.14255571365356445,0.05867791175842285
1,45000,1.0,21,5000,0.17184734344482422,0.008395671844482422
1,45000,1.0,21,10000,0.17184734344482422,0.01706862449645996
1,45000,1.0,21,15000,0.17184734344482422,0.022877216339111328
1,45000,1.0,21,20000,0.17184734344482422,0.03197336196899414
1,45000,1.0,21,25000,0.17184734344482422,0.0516049861907959
1,45000,1.0,21,30000,0.17184734344482422,0.06464862823486328
1,50000,1.0,21,5000,0.19263267517089844,0.006788969039916992
1,50000,1.0,21,10000,0.19263267517089844,0.013561010360717773
1,50000,1.0,21,15000,0.19263267517089844,0.024686574935913086
1,50000,1.0,21,20000,0.19263267517089844,0.03203725814819336
1,50000,1.0,21,25000,0.19263267517089844,0.050835371017456055
1,50000,1.0,21,30000,0.19263267517089844,0.05989241600036621
1,5000,0.25,31,5000,0.03546309471130371,0.0019865036010742188
1,5000,0.25,31,10000,0.03546309471130371,0.0031731128692626953
1,5000,0.25,31,15000,0.03546309471130371,0.004000425338745117
1,5000,0.25,31,20000,0.03546309471130371,0.005545377731323242
1,5000,0.25,31,25000,0.03546309471130371,0.007236957550048828
1,5000,0.25,31,30000,0.03546309471130371,0.008669376373291016
1,10000,0.25,31,5000,0.042900800704956055,0.002228975296020508
1,10000,0.25,31,10000,0.042900800704956055,0.003488779067993164
1,10000,0.25,31,15000,0.042900800704956055,0.005501508712768555
1,10000,0.25,31,20000,0.042900800704956055,0.007552146911621094
1,10000,0.25,31,25000,0.042900800704956055,0.01011967658996582
1,10000,0.25,31,30000,0.042900800704956055,0.011775732040405273
1,15000,0.25,31,5000,0.04164767265319824,0.0024111270904541016
1,15000,0.25,31,10000,0.04164767265319824,0.004025697708129883
1,15000,0.25,31,15000,0.04164767265319824,0.00532078742980957
1,15000,0.25,31,20000,0.04164767265319824,0.007155179977416992
1,15000,0.25,31,25000,0.04164767265319824,0.00886225700378418
1,15000,0.25,31,30000,0.04164767265319824,0.01799631118774414
1,20000,0.25,31,5000,0.0282137393951416,0.0032358169555664062
1,20000,0.25,31,10000,0.0282137393951416,0.005040168762207031
1,20000,0.25,31,15000,0.0282137393951416,0.00638270378112793
1,20000,0.25,31,20000,0.0282137393951416,0.007944107055664062
1,20000,0.25,31,25000,0.0282137393951416,0.010022878646850586
1,20000,0.25,31,30000,0.0282137393951416,0.011942863464355469
1,25000,0.25,31,5000,0.07297611236572266,0.0017611980438232422
1,25000,0.25,31,10000,0.07297611236572266,0.003946065902709961
1,25000,0.25,31,15000,0.07297611236572266,0.004873037338256836
1,25000,0.25,31,20000,0.07297611236572266,0.007310152053833008
1,25000,0.25,31,25000,0.07297611236572266,0.008085012435913086
1,25000,0.25,31,30000,0.07297611236572266,0.010454416275024414
1,30000,0.25,31,5000,0.0712442398071289,0.0021507740020751953
1,30000,0.25,31,10000,0.0712442398071289,0.003987789154052734
1,30000,0.25,31,15000,0.0712442398071289,0.005111217498779297
1,30000,0.25,31,20000,0.0712442398071289,0.0065958499908447266
1,30000,0.25,31,25000,0.0712442398071289,0.008885383605957031
1,30000,0.25,31,30000,0.0712442398071289,0.011022806167602539
1,35000,0.25,31,5000,0.08299875259399414,0.001760721206665039
1,35000,0.25,31,10000,0.08299875259399414,0.003360271453857422
1,35000,0.25,31,15000,0.08299875259399414,0.0053558349609375
1,35000,0.25,31,20000,0.08299875259399414,0.0071065425872802734
1,35000,0.25,31,25000,0.08299875259399414,0.00901341438293457
1,35000,0.25,31,30000,0.08299875259399414,0.01125335693359375
1,40000,0.25,31,5000,0.1401195526123047,0.012346982955932617
1,40000,0.25,31,10000,0.1401195526123047,0.0046498775482177734
1,40000,0.25,31,15000,0.1401195526123047,0.005236387252807617
1,40000,0.25,31,20000,0.1401195526123047,0.006659269332885742
1,40000,0.25,31,25000,0.1401195526123047,0.007999181747436523
1,40000,0.25,31,30000,0.1401195526123047,0.00882577896118164
1,45000,0.25,31,5000,0.10796976089477539,0.0016245841979980469
1,45000,0.25,31,10000,0.10796976089477539,0.0039844512939453125
1,45000,0.25,31,15000,0.10796976089477539,0.004794597625732422
1,45000,0.25,31,20000,0.10796976089477539,0.006647348403930664
1,45000,0.25,31,25000,0.10796976089477539,0.008118629455566406
1,45000,0.25,31,30000,0.10796976089477539,0.009156942367553711
1,50000,0.25,31,5000,0.16247344017028809,0.0018582344055175781
1,50000,0.25,31,10000,0.16247344017028809,0.003998756408691406
1,50000,0.25,31,15000,0.16247344017028809,0.00520014762878418
1,50000,0.25,31,20000,0.16247344017028809,0.007823467254638672
1,50000,0.25,31,25000,0.16247344017028809,0.008462190628051758
1,50000,0.25,31,30000,0.16247344017028809,0.009957313537597656
1,5000,0.5,31,5000,0.013368368148803711,0.0032949447631835938
1,5000,0.5,31,10000,0.013368368148803711,0.007704973220825195
1,5000,0.5,31,15000,0.013368368148803711,0.01047968864440918
1,5000,0.5,31,20000,0.013368368148803711,0.013056516647338867
1,5000,0.5,31,25000,0.013368368148803711,0.01878190040588379
1,5000,0.5,31,30000,0.013368368148803711,0.0213620662689209
1,10000,0.5,31,5000,0.018441438674926758,0.004683256149291992
1,10000,0.5,31,10000,0.018441438674926758,0.007960319519042969
1,10000,0.5,31,15000,0.018441438674926758,0.010712623596191406
1,10000,0.5,31,20000,0.018441438674926758,0.013978719711303711
1,10000,0.5,31,25000,0.018441438674926758,0.017299175262451172
1,10000,0.5,31,30000,0.018441438674926758,0.021408796310424805
1,15000,0.5,31,5000,0.0365605354309082,0.0041849613189697266
1,15000,0.5,31,10000,0.0365605354309082,0.007470130920410156
1,15000,0.5,31,15000,0.0365605354309082,0.010112285614013672
1,15000,0.5,31,20000,0.0365605354309082,0.013884305953979492
1,15000,0.5,31,25000,0.0365605354309082,0.016692638397216797
1,15000,0.5,31,30000,0.0365605354309082,0.02299213409423828
1,20000,0.5,31,5000,0.0374150276184082,0.006243228912353516
1,20000,0.5,31,10000,0.0374150276184082,0.009766817092895508
1,20000,0.5,31,15000,0.0374150276184082,0.014667272567749023
1,20000,0.5,31,20000,0.0374150276184082,0.01699042320251465
1,20000,0.5,31,25000,0.0374150276184082,0.02045416831970215
1,20000,0.5,31,30000,0.0374150276184082,0.026380062103271484
1,25000,0.5,31,5000,0.04249382019042969,0.0052106380462646484
1,25000,0.5,31,10000,0.04249382019042969,0.008595943450927734
1,25000,0.5,31,15000,0.04249382019042969,0.012645721435546875
1,25000,0.5,31,20000,0.04249382019042969,0.014760255813598633
1,25000,0.5,31,25000,0.04249382019042969,0.018030405044555664
1,25000,0.5,31,30000,0.04249382019042969,0.02451801300048828
1,30000,0.5,31,5000,0.05504727363586426,0.004314899444580078
1,30000,0.5,31,10000,0.05504727363586426,0.007834911346435547
1,30000,0.5,31,15000,0.05504727363586426,0.011545896530151367
1,30000,0.5,31,20000,0.05504727363586426,0.014545917510986328
1,30000,0.5,31,25000,0.05504727363586426,0.017987489700317383
1,30000,0.5,31,30000,0.05504727363586426,0.022751569747924805
1,35000,0.5,31,5000,0.09131693840026855,0.003991842269897461
1,35000,0.5,31,10000,0.09131693840026855,0.014554500579833984
1,35000,0.5,31,15000,0.09131693840026855,0.011204004287719727
1,35000,0.5,31,20000,0.09131693840026855,0.013775110244750977
1,35000,0.5,31,25000,0.09131693840026855,0.01717209815979004
1,35000,0.5,31,30000,0.09131693840026855,0.022528648376464844
1,40000,0.5,31,5000,0.10519647598266602,0.0033311843872070312
1,40000,0.5,31,10000,0.10519647598266602,0.0063478946685791016
1,40000,0.5,31,15000,0.10519647598266602,0.009116172790527344
1,40000,0.5,31,20000,0.10519647598266602,0.013375520706176758
1,40000,0.5,31,25000,0.10519647598266602,0.016097545623779297
1,40000,0.5,31,30000,0.10519647598266602,0.020024538040161133
1,45000,0.5,31,5000,0.12313199043273926,0.003616809844970703
1,45000,0.5,31,10000,0.12313199043273926,0.007790327072143555
1,45000,0.5,31,15000,0.12313199043273926,0.01031804084777832
1,45000,0.5,31,20000,0.12313199043273926,0.016447782516479492
1,45000,0.5,31,25000,0.12313199043273926,0.018538713455200195
1,45000,0.5,31,30000,0.12313199043273926,0.025942325592041016
1,50000,0.5,31,5000,0.10907649993896484,0.00390934944152832
1,50000,0.5,31,10000,0.10907649993896484,0.007941246032714844
1,50000,0.5,31,15000,0.10907649993896484,0.011038541793823242
1,50000,0.5,31,20000,0.10907649993896484,0.014853477478027344
1,50000,0.5,31,25000,0.10907649993896484,0.0216217041015625
1,50000,0.5,31,30000,0.10907649993896484,0.023999452590942383
1,5000,0.75,31,5000,0.012411355972290039,0.0062961578369140625
1,5000,0.75,31,10000,0.012411355972290039,0.012047767639160156
1,5000,0.75,31,15000,0.012411355972290039,0.017920732498168945
1,5000,0.75,31,20000,0.012411355972290039,0.023210763931274414
1,5000,0.75,31,25000,0.012411355972290039,0.02843928337097168
1,5000,0.75,31,30000,0.012411355972290039,0.03856682777404785
1,10000,0.75,31,5000,0.033452510833740234,0.006567955017089844
1,10000,0.75,31,10000,0.033452510833740234,0.011408567428588867
1,10000,0.75,31,15000,0.033452510833740234,0.017110586166381836
1,10000,0.75,31,20000,0.033452510833740234,0.02393174171447754
1,10000,0.75,31,25000,0.033452510833740234,0.02860283851623535
1,10000,0.75,31,30000,0.033452510833740234,0.038408756256103516
1,15000,0.75,31,5000,0.041532278060913086,0.007153987884521484
1,15000,0.75,31,10000,0.041532278060913086,0.011886358261108398
1,15000,0.75,31,15000,0.041532278060913086,0.01719212532043457
1,15000,0.75,31,20000,0.041532278060913086,0.025066852569580078
1,15000,0.75,31,25000,0.041532278060913086,0.030094146728515625
1,15000,0.75,31,30000,0.041532278060913086,0.03994941711425781
1,20000,0.75,31,5000,0.04958367347717285,0.006078004837036133
1,20000,0.75,31,10000,0.04958367347717285,0.010859966278076172
1,20000,0.75,31,15000,0.04958367347717285,0.01643967628479004
1,20000,0.75,31,20000,0.04958367347717285,0.021559476852416992
1,20000,0.75,31,25000,0.04958367347717285,0.028476953506469727
1,20000,0.75,31,30000,0.04958367347717285,0.03840446472167969
1,25000,0.75,31,5000,0.07335519790649414,0.0059375762939453125
1,25000,0.75,31,10000,0.07335519790649414,0.012351036071777344
1,25000,0.75,31,15000,0.07335519790649414,0.016133785247802734
1,25000,0.75,31,20000,0.07335519790649414,0.023054122924804688
1,25000,0.75,31,25000,0.07335519790649414,0.029496192932128906
1,25000,0.75,31,30000,0.07335519790649414,0.03914809226989746
1,30000,0.75,31,5000,0.09816431999206543,0.0059604644775390625
1,30000,0.75,31,10000,0.09816431999206543,0.012544870376586914
1,30000,0.75,31,15000,0.09816431999206543,0.022356510162353516
1,30000,0.75,31,20000,0.09816431999206543,0.025324344635009766
1,30000,0.75,31,25000,0.09816431999206543,0.030537843704223633
1,30000,0.75,31,30000,0.09816431999206543,0.040766239166259766
1,35000,0.75,31,5000,0.11388826370239258,0.006076335906982422
1,35000,0.75,31,10000,0.11388826370239258,0.012228965759277344
1,35000,0.75,31,15000,0.11388826370239258,0.017290115356445312
1,35000,0.75,31,20000,0.11388826370239258,0.026592731475830078
1,35000,0.75,31,25000,0.11388826370239258,0.03358602523803711
1,35000,0.75,31,30000,0.11388826370239258,0.04042863845825195
1,40000,0.75,31,5000,0.12577557563781738,0.005769968032836914
1,40000,0.75,31,10000,0.12577557563781738,0.01145315170288086
1,40000,0.75,31,15000,0.12577557563781738,0.017130136489868164
1,40000,0.75,31,20000,0.12577557563781738,0.026488542556762695
1,40000,0.75,31,25000,0.12577557563781738,0.029126882553100586
1,40000,0.75,31,30000,0.12577557563781738,0.03994917869567871
1,45000,0.75,31,5000,0.1123044490814209,0.005997180938720703
1,45000,0.75,31,10000,0.1123044490814209,0.011489391326904297
1,45000,0.75,31,15000,0.1123044490814209,0.01622152328491211
1,45000,0.75,31,20000,0.1123044490814209,0.022173643112182617
1,45000,0.75,31,25000,0.1123044490814209,0.028673171997070312
1,45000,0.75,31,30000,0.1123044490814209,0.03930544853210449
1,50000,0.75,31,5000,0.1429276466369629,0.005435943603515625
1,50000,0.75,31,10000,0.1429276466369629,0.011557579040527344
1,50000,0.75,31,15000,0.1429276466369629,0.016192913055419922
1,50000,0.75,31,20000,0.1429276466369629,0.025614023208618164
1,50000,0.75,31,25000,0.1429276466369629,0.027994871139526367
1,50000,0.75,31,30000,0.1429276466369629,0.03803300857543945
1,5000,1.0,31,5000,0.015038251876831055,0.0077059268951416016
1,5000,1.0,31,10000,0.015038251876831055,0.015303611755371094
1,5000,1.0,31,15000,0.015038251876831055,0.023723125457763672
1,5000,1.0,31,20000,0.015038251876831055,0.03305339813232422
1,5000,1.0,31,25000,0.015038251876831055,0.04968094825744629
1,5000,1.0,31,30000,0.015038251876831055,0.06334376335144043
1,10000,1.0,31,5000,0.03639507293701172,0.00829458236694336
1,10000,1.0,31,10000,0.03639507293701172,0.015509843826293945
1,10000,1.0,31,15000,0.03639507293701172,0.024115562438964844
1,10000,1.0,31,20000,0.03639507293701172,0.03279924392700195
1,10000,1.0,31,25000,0.03639507293701172,0.05315804481506348
1,10000,1.0,31,30000,0.03639507293701172,0.06180620193481445
1,15000,1.0,31,5000,0.05531620979309082,0.008400440216064453
1,15000,1.0,31,10000,0.05531620979309082,0.016380786895751953
1,15000,1.0,31,15000,0.05531620979309082,0.022249460220336914
1,15000,1.0,31,20000,0.05531620979309082,0.03333854675292969
1,15000,1.0,31,25000,0.05531620979309082,0.05290961265563965
1,15000,1.0,31,30000,0.05531620979309082,0.06266927719116211
1,20000,1.0,31,5000,0.07110929489135742,0.007608175277709961
1,20000,1.0,31,10000,0.07110929489135742,0.014394521713256836
1,20000,1.0,31,15000,0.07110929489135742,0.02353644371032715
1,20000,1.0,31,20000,0.07110929489135742,0.03607177734375
1,20000,1.0,31,25000,0.07110929489135742,0.049844980239868164
1,20000,1.0,31,30000,0.07110929489135742,0.06095099449157715
1,25000,1.0,31,5000,0.09672045707702637,0.007414579391479492
1,25000,1.0,31,10000,0.09672045707702637,0.014592647552490234
1,25000,1.0,31,15000,0.09672045707702637,0.025467395782470703
1,25000,1.0,31,20000,0.09672045707702637,0.03248333930969238
1,25000,1.0,31,25000,0.09672045707702637,0.0438840389251709
1,25000,1.0,31,30000,0.09672045707702637,0.06033134460449219
1,30000,1.0,31,5000,0.10198402404785156,0.0075147151947021484
1,30000,1.0,31,10000,0.10198402404785156,0.014103174209594727
1,30000,1.0,31,15000,0.10198402404785156,0.021329879760742188
1,30000,1.0,31,20000,0.10198402404785156,0.031874656677246094
1,30000,1.0,31,25000,0.10198402404785156,0.05245232582092285
1,30000,1.0,31,30000,0.10198402404785156,0.05959773063659668
1,35000,1.0,31,5000,0.12850618362426758,0.0074613094329833984
1,35000,1.0,31,10000,0.12850618362426758,0.014626741409301758
1,35000,1.0,31,15000,0.12850618362426758,0.022237539291381836
1,35000,1.0,31,20000,0.12850618362426758,0.0357816219329834
1,35000,1.0,31,25000,0.12850618362426758,0.04323720932006836
1,35000,1.0,31,30000,0.12850618362426758,0.06016802787780762
1,40000,1.0,31,5000,0.15125703811645508,0.007241249084472656
1,40000,1.0,31,10000,0.15125703811645508,0.014190673828125
1,40000,1.0,31,15000,0.15125703811645508,0.02090287208557129
1,40000,1.0,31,20000,0.15125703811645508,0.033570289611816406
1,40000,1.0,31,25000,0.15125703811645508,0.04193520545959473
1,40000,1.0,31,30000,0.15125703811645508,0.0503690242767334
1,45000,1.0,31,5000,0.17138934135437012,0.00683283805847168
1,45000,1.0,31,10000,0.17138934135437012,0.013449668884277344
1,45000,1.0,31,15000,0.17138934135437012,0.020298004150390625
1,45000,1.0,31,20000,0.17138934135437012,0.034290313720703125
1,45000,1.0,31,25000,0.17138934135437012,0.048537492752075195
1,45000,1.0,31,30000,0.17138934135437012,0.0595545768737793
1,50000,1.0,31,5000,0.18167734146118164,0.007019996643066406
1,50000,1.0,31,10000,0.18167734146118164,0.01352834701538086
1,50000,1.0,31,15000,0.18167734146118164,0.02136850357055664
1,50000,1.0,31,20000,0.18167734146118164,0.03298020362854004
1,50000,1.0,31,25000,0.18167734146118164,0.04772138595581055
1,50000,1.0,31,30000,0.18167734146118164,0.06344079971313477
1,5000,0.25,41,5000,0.017772197723388672,0.0035545825958251953
1,5000,0.25,41,10000,0.017772197723388672,0.006606578826904297
1,5000,0.25,41,15000,0.017772197723388672,0.007700443267822266
1,5000,0.25,41,20000,0.017772197723388672,0.009125232696533203
1,5000,0.25,41,25000,0.017772197723388672,0.011595010757446289
1,5000,0.25,41,30000,0.017772197723388672,0.014081954956054688
1,10000,0.25,41,5000,0.028664350509643555,0.00185394287109375
1,10000,0.25,41,10000,0.028664350509643555,0.003787994384765625
1,10000,0.25,41,15000,0.028664350509643555,0.01076650619506836
1,10000,0.25,41,20000,0.028664350509643555,0.0071446895599365234
1,10000,0.25,41,25000,0.028664350509643555,0.008396387100219727
1,10000,0.25,41,30000,0.028664350509643555,0.010177373886108398
1,15000,0.25,41,5000,0.04472064971923828,0.0025339126586914062
1,15000,0.25,41,10000,0.04472064971923828,0.003854990005493164
1,15000,0.25,41,15000,0.04472064971923828,0.006390571594238281
1,15000,0.25,41,20000,0.04472064971923828,0.0074427127838134766
1,15000,0.25,41,25000,0.04472064971923828,0.009896278381347656
1,15000,0.25,41,30000,0.04472064971923828,0.011847496032714844
1,20000,0.25,41,5000,0.05366015434265137,0.003213167190551758
1,20000,0.25,41,10000,0.05366015434265137,0.003047943115234375
1,20000,0.25,41,15000,0.05366015434265137,0.004929304122924805
1,20000,0.25,41,20000,0.05366015434265137,0.010025501251220703
1,20000,0.25,41,25000,0.05366015434265137,0.008807897567749023
1,20000,0.25,41,30000,0.05366015434265137,0.010790824890136719
1,25000,0.25,41,5000,0.054529666900634766,0.0027625560760498047
1,25000,0.25,41,10000,0.054529666900634766,0.004938364028930664
1,25000,0.25,41,15000,0.054529666900634766,0.007182121276855469
1,25000,0.25,41,20000,0.054529666900634766,0.009213447570800781
1,25000,0.25,41,25000,0.054529666900634766,0.011270761489868164
1,25000,0.25,41,30000,0.054529666900634766,0.016561269760131836
1,30000,0.25,41,5000,0.0807497501373291,0.0019822120666503906
1,30000,0.25,41,10000,0.0807497501373291,0.00415492057800293
1,30000,0.25,41,15000,0.0807497501373291,0.005430698394775391
1,30000,0.25,41,20000,0.0807497501373291,0.007812023162841797
1,30000,0.25,41,25000,0.0807497501373291,0.009421825408935547
1,30000,0.25,41,30000,0.0807497501373291,0.012338399887084961
1,35000,0.25,41,5000,0.07820844650268555,0.0019140243530273438
1,35000,0.25,41,10000,0.07820844650268555,0.003723621368408203
1,35000,0.25,41,15000,0.07820844650268555,0.004996776580810547
1,35000,0.25,41,20000,0.07820844650268555,0.0071713924407958984
1,35000,0.25,41,25000,0.07820844650268555,0.008538007736206055
1,35000,0.25,41,30000,0.07820844650268555,0.010366201400756836
1,40000,0.25,41,5000,0.09971880912780762,0.0018939971923828125
1,40000,0.25,41,10000,0.09971880912780762,0.003635406494140625
1,40000,0.25,41,15000,0.09971880912780762,0.004892110824584961
1,40000,0.25,41,20000,0.09971880912780762,0.006780862808227539
1,40000,0.25,41,25000,0.09971880912780762,0.007946968078613281
1,40000,0.25,41,30000,0.09971880912780762,0.00953054428100586
1,45000,0.25,41,5000,0.10043835639953613,0.0015981197357177734
1,45000,0.25,41,10000,0.10043835639953613,0.0040395259857177734
1,45000,0.25,41,15000,0.10043835639953613,0.005160093307495117
1,45000,0.25,41,20000,0.10043835639953613,0.0065958499908447266
1,45000,0.25,41,25000,0.10043835639953613,0.008915185928344727
1,45000,0.25,41,30000,0.10043835639953613,0.010982751846313477
1,50000,0.25,41,5000,0.06244611740112305,0.002680063247680664
1,50000,0.25,41,10000,0.06244611740112305,0.00469970703125
1,50000,0.25,41,15000,0.06244611740112305,0.007568836212158203
1,50000,0.25,41,20000,0.06244611740112305,0.009066581726074219
1,50000,0.25,41,25000,0.06244611740112305,0.011616230010986328
1,50000,0.25,41,30000,0.06244611740112305,0.014371633529663086
1,5000,0.5,41,5000,0.013628721237182617,0.003633737564086914
1,5000,0.5,41,10000,0.013628721237182617,0.008607625961303711
1,5000,0.5,41,15000,0.013628721237182617,0.010851383209228516
1,5000,0.5,41,20000,0.013628721237182617,0.014070987701416016
1,5000,0.5,41,25000,0.013628721237182617,0.017830371856689453
1,5000,0.5,41,30000,0.013628721237182617,0.0221405029296875
1,10000,0.5,41,5000,0.031065940856933594,0.00397801399230957
1,10000,0.5,41,10000,0.031065940856933594,0.007093906402587891
1,10000,0.5,41,15000,0.031065940856933594,0.009974956512451172
1,10000,0.5,41,20000,0.031065940856933594,0.014507293701171875
1,10000,0.5,41,25000,0.031065940856933594,0.0172119140625
1,10000,0.5,41,30000,0.031065940856933594,0.022500038146972656
1,15000,0.5,41,5000,0.026278257369995117,0.0048980712890625
1,15000,0.5,41,10000,0.026278257369995117,0.009330034255981445
1,15000,0.5,41,15000,0.026278257369995117,0.013606786727905273
1,15000,0.5,41,20000,0.026278257369995117,0.015807151794433594
1,15000,0.5,41,25000,0.026278257369995117,0.018535137176513672
1,15000,0.5,41,30000,0.026278257369995117,0.02418971061706543
1,20000,0.5,41,5000,0.04280829429626465,0.00467371940612793
1,20000,0.5,41,10000,0.04280829429626465,0.008715629577636719
1,20000,0.5,41,15000,0.04280829429626465,0.01250600814819336
1,20000,0.5,41,20000,0.04280829429626465,0.015897512435913086
1,20000,0.5,41,25000,0.04280829429626465,0.01930069923400879
1,20000,0.5,41,30000,0.04280829429626465,0.02323627471923828
1,25000,0.5,41,5000,0.04607748985290527,0.00463557243347168
1,25000,0.5,41,10000,0.04607748985290527,0.007768154144287109
1,25000,0.5,41,15000,0.04607748985290527,0.011310338973999023
1,25000,0.5,41,20000,0.04607748985290527,0.016048431396484375
1,25000,0.5,41,25000,0.04607748985290527,0.01924586296081543
1,25000,0.5,41,30000,0.04607748985290527,0.024431228637695312
1,30000,0.5,41,5000,0.05394697189331055,0.004499912261962891
1,30000,0.5,41,10000,0.05394697189331055,0.008669614791870117
1,30000,0.5,41,15000,0.05394697189331055,0.012840032577514648
1,30000,0.5,41,20000,0.05394697189331055,0.016150712966918945
1,30000,0.5,41,25000,0.05394697189331055,0.019641637802124023
1,30000,0.5,41,30000,0.05394697189331055,0.026873111724853516
1,35000,0.5,41,5000,0.07262206077575684,0.003959178924560547
1,35000,0.5,41,10000,0.07262206077575684,0.00797128677368164
1,35000,0.5,41,15000,0.07262206077575684,0.010792732238769531
1,35000,0.5,41,20000,0.07262206077575684,0.01513051986694336
1,35000,0.5,41,25000,0.07262206077575684,0.01943349838256836
1,35000,0.5,41,30000,0.07262206077575684,0.02252364158630371
1,40000,0.5,41,5000,0.08594703674316406,0.005120515823364258
1,40000,0.5,41,10000,0.08594703674316406,0.008493900299072266
1,40000,0.5,41,15000,0.08594703674316406,0.010988235473632812
1,40000,0.5,41,20000,0.08594703674316406,0.016969919204711914
1,40000,0.5,41,25000,0.08594703674316406,0.01956772804260254
1,40000,0.5,41,30000,0.08594703674316406,0.024118423461914062
1,45000,0.5,41,5000,0.0867619514465332,0.00593113899230957
1,45000,0.5,41,10000,0.0867619514465332,0.010122537612915039
1,45000,0.5,41,15000,0.0867619514465332,0.01284646987915039
1,45000,0.5,41,20000,0.0867619514465332,0.018642425537109375
1,45000,0.5,41,25000,0.0867619514465332,0.022283315658569336
1,45000,0.5,41,30000,0.0867619514465332,0.025830984115600586
1,50000,0.5,41,5000,0.13781046867370605,0.0034728050231933594
1,50000,0.5,41,10000,0.13781046867370605,0.006334066390991211
1,50000,0.5,41,15000,0.13781046867370605,0.010091781616210938
1,50000,0.5,41,20000,0.13781046867370605,0.012802839279174805
1,50000,0.5,41,25000,0.13781046867370605,0.016305923461914062
1,50000,0.5,41,30000,0.13781046867370605,0.021105051040649414
1,5000,0.75,41,5000,0.012282609939575195,0.006143808364868164
1,5000,0.75,41,10000,0.012282609939575195,0.011384725570678711
1,5000,0.75,41,15000,0.012282609939575195,0.0176544189453125
1,5000,0.75,41,20000,0.012282609939575195,0.021001577377319336
1,5000,0.75,41,25000,0.012282609939575195,0.03163933753967285
1,5000,0.75,41,30000,0.012282609939575195,0.03939318656921387
1,10000,0.75,41,5000,0.030946969985961914,0.006746053695678711
1,10000,0.75,41,10000,0.030946969985961914,0.011671304702758789
1,10000,0.75,41,15000,0.030946969985961914,0.016385316848754883
1,10000,0.75,41,20000,0.030946969985961914,0.02191925048828125
1,10000,0.75,41,25000,0.030946969985961914,0.032202959060668945
1,10000,0.75,41,30000,0.030946969985961914,0.052735090255737305
1,15000,0.75,41,5000,0.03950858116149902,0.006429195404052734
1,15000,0.75,41,10000,0.03950858116149902,0.01100301742553711
1,15000,0.75,41,15000,0.03950858116149902,0.016399621963500977
1,15000,0.75,41,20000,0.03950858116149902,0.025747060775756836
1,15000,0.75,41,25000,0.03950858116149902,0.03370833396911621
1,15000,0.75,41,30000,0.03950858116149902,0.0406033992767334
1,20000,0.75,41,5000,0.06157827377319336,0.007147312164306641
1,20000,0.75,41,10000,0.06157827377319336,0.01266932487487793
1,20000,0.75,41,15000,0.06157827377319336,0.01758289337158203
1,20000,0.75,41,20000,0.06157827377319336,0.024827003479003906
1,20000,0.75,41,25000,0.06157827377319336,0.02987980842590332
1,20000,0.75,41,30000,0.06157827377319336,0.03966689109802246
1,25000,0.75,41,5000,0.07516741752624512,0.005980968475341797
1,25000,0.75,41,10000,0.07516741752624512,0.011910676956176758
1,25000,0.75,41,15000,0.07516741752624512,0.017139434814453125
1,25000,0.75,41,20000,0.07516741752624512,0.022013187408447266
1,25000,0.75,41,25000,0.07516741752624512,0.027536392211914062
1,25000,0.75,41,30000,0.07516741752624512,0.039608001708984375
1,30000,0.75,41,5000,0.08595085144042969,0.006420612335205078
1,30000,0.75,41,10000,0.08595085144042969,0.012887954711914062
1,30000,0.75,41,15000,0.08595085144042969,0.015798568725585938
1,30000,0.75,41,20000,0.08595085144042969,0.02295708656311035
1,30000,0.75,41,25000,0.08595085144042969,0.03268837928771973
1,30000,0.75,41,30000,0.08595085144042969,0.038442134857177734
1,35000,0.75,41,5000,0.10816144943237305,0.006277322769165039
1,35000,0.75,41,10000,0.10816144943237305,0.011479854583740234
1,35000,0.75,41,15000,0.10816144943237305,0.017830610275268555
1,35000,0.75,41,20000,0.10816144943237305,0.030451059341430664
1,35000,0.75,41,25000,0.10816144943237305,0.030150175094604492
1,35000,0.75,41,30000,0.10816144943237305,0.04047679901123047
1,40000,0.75,41,5000,0.13100743293762207,0.005504131317138672
1,40000,0.75,41,10000,0.13100743293762207,0.010853767395019531
1,40000,0.75,41,15000,0.13100743293762207,0.017866849899291992
1,40000,0.75,41,20000,0.13100743293762207,0.022944211959838867
1,40000,0.75,41,25000,0.13100743293762207,0.02757883071899414
1,40000,0.75,41,30000,0.13100743293762207,0.04332137107849121
1,45000,0.75,41,5000,0.10805416107177734,0.00558018684387207
1,45000,0.75,41,10000,0.10805416107177734,0.01114964485168457
1,45000,0.75,41,15000,0.10805416107177734,0.017406702041625977
1,45000,0.75,41,20000,0.10805416107177734,0.025321483612060547
1,45000,0.75,41,25000,0.10805416107177734,0.032540082931518555
1,45000,0.75,41,30000,0.10805416107177734,0.03902578353881836
1,50000,0.75,41,5000,0.15053415298461914,0.0056493282318115234
1,50000,0.75,41,10000,0.15053415298461914,0.011400699615478516
1,50000,0.75,41,15000,0.15053415298461914,0.016904830932617188
1,50000,0.75,41,20000,0.15053415298461914,0.02365899085998535
1,50000,0.75,41,25000,0.15053415298461914,0.032285451889038086
1,50000,0.75,41,30000,0.15053415298461914,0.03923225402832031
1,5000,1.0,41,5000,0.01737666130065918,0.008064031600952148
1,5000,1.0,41,10000,0.01737666130065918,0.01688385009765625
1,5000,1.0,41,15000,0.01737666130065918,0.027350425720214844
1,5000,1.0,41,20000,0.01737666130065918,0.03406524658203125
1,5000,1.0,41,25000,0.01737666130065918,0.053910017013549805
1,5000,1.0,41,30000,0.01737666130065918,0.0641641616821289
1,10000,1.0,41,5000,0.03810739517211914,0.008436918258666992
1,10000,1.0,41,10000,0.03810739517211914,0.016468286514282227
1,10000,1.0,41,15000,0.03810739517211914,0.024320125579833984
1,10000,1.0,41,20000,0.03810739517211914,0.037644147872924805
1,10000,1.0,41,25000,0.03810739517211914,0.04944205284118652
1,10000,1.0,41,30000,0.03810739517211914,0.06459665298461914
1,15000,1.0,41,5000,0.05186009407043457,0.00867462158203125
1,15000,1.0,41,10000,0.05186009407043457,0.015141963958740234
1,15000,1.0,41,15000,0.05186009407043457,0.022623300552368164
1,15000,1.0,41,20000,0.05186009407043457,0.033855438232421875
1,15000,1.0,41,25000,0.05186009407043457,0.053460121154785156
1,15000,1.0,41,30000,0.05186009407043457,0.06225156784057617
1,20000,1.0,41,5000,0.07973432540893555,0.0077059268951416016
1,20000,1.0,41,10000,0.07973432540893555,0.015471696853637695
1,20000,1.0,41,15000,0.07973432540893555,0.023921489715576172
1,20000,1.0,41,20000,0.07973432540893555,0.03032231330871582
1,20000,1.0,41,25000,0.07973432540893555,0.04476451873779297
1,20000,1.0,41,30000,0.07973432540893555,0.052570343017578125
1,25000,1.0,41,5000,0.09996294975280762,0.00797128677368164
1,25000,1.0,41,10000,0.09996294975280762,0.015221834182739258
1,25000,1.0,41,15000,0.09996294975280762,0.027341365814208984
1,25000,1.0,41,20000,0.09996294975280762,0.03740048408508301
1,25000,1.0,41,25000,0.09996294975280762,0.04990673065185547
1,25000,1.0,41,30000,0.09996294975280762,0.060628652572631836
1,30000,1.0,41,5000,0.11349940299987793,0.0073566436767578125
1,30000,1.0,41,10000,0.11349940299987793,0.014941692352294922
1,30000,1.0,41,15000,0.11349940299987793,0.025940895080566406
1,30000,1.0,41,20000,0.11349940299987793,0.03254127502441406
1,30000,1.0,41,25000,0.11349940299987793,0.0441741943359375
1,30000,1.0,41,30000,0.11349940299987793,0.060292959213256836
1,35000,1.0,41,5000,0.11301803588867188,0.007499217987060547
1,35000,1.0,41,10000,0.11301803588867188,0.015248537063598633
1,35000,1.0,41,15000,0.11301803588867188,0.021399974822998047
1,35000,1.0,41,20000,0.11301803588867188,0.030598163604736328
1,35000,1.0,41,25000,0.11301803588867188,0.04305863380432129
1,35000,1.0,41,30000,0.11301803588867188,0.05158686637878418
1,40000,1.0,41,5000,0.1575014591217041,0.007437229156494141
1,40000,1.0,41,10000,0.1575014591217041,0.01482248306274414
1,40000,1.0,41,15000,0.1575014591217041,0.025150775909423828
1,40000,1.0,41,20000,0.1575014591217041,0.0319821834564209
1,40000,1.0,41,25000,0.1575014591217041,0.049573421478271484
1,40000,1.0,41,30000,0.1575014591217041,0.06026172637939453
1,45000,1.0,41,5000,0.1649332046508789,0.007149934768676758
1,45000,1.0,41,10000,0.1649332046508789,0.014078378677368164
1,45000,1.0,41,15000,0.1649332046508789,0.025272369384765625
1,45000,1.0,41,20000,0.1649332046508789,0.03112173080444336
1,45000,1.0,41,25000,0.1649332046508789,0.043390750885009766
1,45000,1.0,41,30000,0.1649332046508789,0.06006217002868652
1,50000,1.0,41,5000,0.18712615966796875,0.007942914962768555
1,50000,1.0,41,10000,0.18712615966796875,0.01609325408935547
1,50000,1.0,41,15000,0.18712615966796875,0.021942138671875
1,50000,1.0,41,20000,0.18712615966796875,0.036285400390625
1,50000,1.0,41,25000,0.18712615966796875,0.05167436599731445
1,50000,1.0,41,30000,0.18712615966796875,0.06050920486450195
1,5000,0.25,51,5000,0.015434503555297852,0.0032896995544433594
1,5000,0.25,51,10000,0.015434503555297852,0.00575709342956543
1,5000,0.25,51,15000,0.015434503555297852,0.007590293884277344
1,5000,0.25,51,20000,0.015434503555297852,0.008363008499145508
1,5000,0.25,51,25000,0.015434503555297852,0.010117530822753906
1,5000,0.25,51,30000,0.015434503555297852,0.013825654983520508
1,10000,0.25,51,5000,0.030138492584228516,0.0026502609252929688
1,10000,0.25,51,10000,0.030138492584228516,0.004228115081787109
1,10000,0.25,51,15000,0.030138492584228516,0.00567173957824707
1,10000,0.25,51,20000,0.030138492584228516,0.008150577545166016
1,10000,0.25,51,25000,0.030138492584228516,0.0101470947265625
1,10000,0.25,51,30000,0.030138492584228516,0.011308431625366211
1,15000,0.25,51,5000,0.04285478591918945,0.0026731491088867188
1,15000,0.25,51,10000,0.04285478591918945,0.004067659378051758
1,15000,0.25,51,15000,0.04285478591918945,0.006234645843505859
1,15000,0.25,51,20000,0.04285478591918945,0.007712602615356445
1,15000,0.25,51,25000,0.04285478591918945,0.009925127029418945
1,15000,0.25,51,30000,0.04285478591918945,0.012934446334838867
1,20000,0.25,51,5000,0.05656743049621582,0.002181529998779297
1,20000,0.25,51,10000,0.05656743049621582,0.003407001495361328
1,20000,0.25,51,15000,0.05656743049621582,0.005158901214599609
1,20000,0.25,51,20000,0.05656743049621582,0.006908893585205078
1,20000,0.25,51,25000,0.05656743049621582,0.00839686393737793
1,20000,0.25,51,30000,0.05656743049621582,0.011148929595947266
1,25000,0.25,51,5000,0.06518673896789551,0.002147197723388672
1,25000,0.25,51,10000,0.06518673896789551,0.003524303436279297
1,25000,0.25,51,15000,0.06518673896789551,0.0050792694091796875
1,25000,0.25,51,20000,0.06518673896789551,0.007354259490966797
1,25000,0.25,51,25000,0.06518673896789551,0.009116172790527344
1,25000,0.25,51,30000,0.06518673896789551,0.011211156845092773
1,30000,0.25,51,5000,0.14027976989746094,0.0018053054809570312
1,30000,0.25,51,10000,0.14027976989746094,0.003424406051635742
1,30000,0.25,51,15000,0.14027976989746094,0.005187034606933594
1,30000,0.25,51,20000,0.14027976989746094,0.006598711013793945
1,30000,0.25,51,25000,0.14027976989746094,0.008701086044311523
1,30000,0.25,51,30000,0.14027976989746094,0.009591341018676758
1,35000,0.25,51,5000,0.2007617950439453,0.002435922622680664
1,35000,0.25,51,10000,0.2007617950439453,0.004949808120727539
1,35000,0.25,51,15000,0.2007617950439453,0.007451057434082031
1,35000,0.25,51,20000,0.2007617950439453,0.008991241455078125
1,35000,0.25,51,25000,0.2007617950439453,0.010559320449829102
1,35000,0.25,51,30000,0.2007617950439453,0.013681411743164062
1,40000,0.25,51,5000,0.08935308456420898,0.001733541488647461
1,40000,0.25,51,10000,0.08935308456420898,0.0033104419708251953
1,40000,0.25,51,15000,0.08935308456420898,0.004885435104370117
1,40000,0.25,51,20000,0.08935308456420898,0.006246805191040039
1,40000,0.25,51,25000,0.08935308456420898,0.008301019668579102
1,40000,0.25,51,30000,0.08935308456420898,0.009478330612182617
1,45000,0.25,51,5000,0.11055397987365723,0.0019195079803466797
1,45000,0.25,51,10000,0.11055397987365723,0.0035495758056640625
1,45000,0.25,51,15000,0.11055397987365723,0.005288362503051758
1,45000,0.25,51,20000,0.11055397987365723,0.006301164627075195
1,45000,0.25,51,25000,0.11055397987365723,0.008498191833496094
1,45000,0.25,51,30000,0.11055397987365723,0.009499311447143555
1,50000,0.25,51,5000,0.12135457992553711,0.0020170211791992188
1,50000,0.25,51,10000,0.12135457992553711,0.003812074661254883
1,50000,0.25,51,15000,0.12135457992553711,0.005316734313964844
1,50000,0.25,51,20000,0.12135457992553711,0.007232666015625
1,50000,0.25,51,25000,0.12135457992553711,0.008853435516357422
1,50000,0.25,51,30000,0.12135457992553711,0.010115623474121094
1,5000,0.5,51,5000,0.014357566833496094,0.005277872085571289
1,5000,0.5,51,10000,0.014357566833496094,0.006845712661743164
1,5000,0.5,51,15000,0.014357566833496094,0.011563301086425781
1,5000,0.5,51,20000,0.014357566833496094,0.016718149185180664
1,5000,0.5,51,25000,0.014357566833496094,0.018538951873779297
1,5000,0.5,51,30000,0.014357566833496094,0.027091264724731445
1,10000,0.5,51,5000,0.020001649856567383,0.005425691604614258
1,10000,0.5,51,10000,0.020001649856567383,0.007798194885253906
1,10000,0.5,51,15000,0.020001649856567383,0.013646125793457031
1,10000,0.5,51,20000,0.020001649856567383,0.01748061180114746
1,10000,0.5,51,25000,0.020001649856567383,0.019983530044555664
1,10000,0.5,51,30000,0.020001649856567383,0.02405405044555664
1,15000,0.5,51,5000,0.034078121185302734,0.004910707473754883
1,15000,0.5,51,10000,0.034078121185302734,0.008368253707885742
1,15000,0.5,51,15000,0.034078121185302734,0.012137174606323242
1,15000,0.5,51,20000,0.034078121185302734,0.016133546829223633
1,15000,0.5,51,25000,0.034078121185302734,0.019048690795898438
1,15000,0.5,51,30000,0.034078121185302734,0.024383068084716797
1,20000,0.5,51,5000,0.041525840759277344,0.005226612091064453
1,20000,0.5,51,10000,0.041525840759277344,0.008678197860717773
1,20000,0.5,51,15000,0.041525840759277344,0.012227535247802734
1,20000,0.5,51,20000,0.041525840759277344,0.015327215194702148
1,20000,0.5,51,25000,0.041525840759277344,0.021467924118041992
1,20000,0.5,51,30000,0.041525840759277344,0.026970863342285156
1,25000,0.5,51,5000,0.0554509162902832,0.004670381546020508
1,25000,0.5,51,10000,0.0554509162902832,0.008594751358032227
1,25000,0.5,51,15000,0.0554509162902832,0.011936664581298828
1,25000,0.5,51,20000,0.0554509162902832,0.014714241027832031
1,25000,0.5,51,25000,0.0554509162902832,0.021648883819580078
1,25000,0.5,51,30000,0.0554509162902832,0.023818254470825195
1,30000,0.5,51,5000,0.08548569679260254,0.0037713050842285156
1,30000,0.5,51,10000,0.08548569679260254,0.007189273834228516
1,30000,0.5,51,15000,0.08548569679260254,0.010257959365844727
1,30000,0.5,51,20000,0.08548569679260254,0.013524293899536133
1,30000,0.5,51,25000,0.08548569679260254,0.015996217727661133
1,30000,0.5,51,30000,0.08548569679260254,0.02044391632080078
1,35000,0.5,51,5000,0.08110213279724121,0.004462003707885742
1,35000,0.5,51,10000,0.08110213279724121,0.008298873901367188
1,35000,0.5,51,15000,0.08110213279724121,0.011290550231933594
1,35000,0.5,51,20000,0.08110213279724121,0.015156984329223633
1,35000,0.5,51,25000,0.08110213279724121,0.02243947982788086
1,35000,0.5,51,30000,0.08110213279724121,0.024119138717651367
1,40000,0.5,51,5000,0.10794425010681152,0.0035407543182373047
1,40000,0.5,51,10000,0.10794425010681152,0.007319211959838867
1,40000,0.5,51,15000,0.10794425010681152,0.009917497634887695
1,40000,0.5,51,20000,0.10794425010681152,0.013470649719238281
1,40000,0.5,51,25000,0.10794425010681152,0.016773223876953125
1,40000,0.5,51,30000,0.10794425010681152,0.0217742919921875
1,45000,0.5,51,5000,0.09261107444763184,0.003991842269897461
1,45000,0.5,51,10000,0.09261107444763184,0.007338523864746094
1,45000,0.5,51,15000,0.09261107444763184,0.010982990264892578
1,45000,0.5,51,20000,0.09261107444763184,0.017113685607910156
1,45000,0.5,51,25000,0.09261107444763184,0.02313709259033203
1,45000,0.5,51,30000,0.09261107444763184,0.024129390716552734
1,50000,0.5,51,5000,0.09829521179199219,0.005617618560791016
1,50000,0.5,51,10000,0.09829521179199219,0.006795644760131836
1,50000,0.5,51,15000,0.09829521179199219,0.012102365493774414
1,50000,0.5,51,20000,0.09829521179199219,0.01688551902770996
1,50000,0.5,51,25000,0.09829521179199219,0.018772363662719727
1,50000,0.5,51,30000,0.09829521179199219,0.023643016815185547
1,5000,0.75,51,5000,0.012128829956054688,0.005755901336669922
1,5000,0.75,51,10000,0.012128829956054688,0.012377738952636719
1,5000,0.75,51,15000,0.012128829956054688,0.017721891403198242
1,5000,0.75,51,20000,0.012128829956054688,0.022892236709594727
1,5000,0.75,51,25000,0.012128829956054688,0.02795577049255371
1,5000,0.75,51,30000,0.012128829956054688,0.03867602348327637
1,10000,0.75,51,5000,0.029453277587890625,0.00772547721862793
1,10000,0.75,51,10000,0.029453277587890625,0.011003494262695312
1,10000,0.75,51,15000,0.029453277587890625,0.020025968551635742
1,10000,0.75,51,20000,0.029453277587890625,0.02836894989013672
1,10000,0.75,51,25000,0.029453277587890625,0.030629396438598633
1,10000,0.75,51,30000,0.029453277587890625,0.0472259521484375
1,15000,0.75,51,5000,0.0628514289855957,0.005690336227416992
1,15000,0.75,51,10000,0.0628514289855957,0.010827064514160156
1,15000,0.75,51,15000,0.0628514289855957,0.014895915985107422
1,15000,0.75,51,20000,0.0628514289855957,0.024164199829101562
1,15000,0.75,51,25000,0.0628514289855957,0.02900862693786621
1,15000,0.75,51,30000,0.0628514289855957,0.038724660873413086
1,20000,0.75,51,5000,0.04795360565185547,0.007674455642700195
1,20000,0.75,51,10000,0.04795360565185547,0.011266469955444336
1,20000,0.75,51,15000,0.04795360565185547,0.021962404251098633
1,20000,0.75,51,20000,0.04795360565185547,0.02463698387145996
1,20000,0.75,51,25000,0.04795360565185547,0.03211092948913574
1,20000,0.75,51,30000,0.04795360565185547,0.055364370346069336
1,25000,0.75,51,5000,0.07237792015075684,0.006929636001586914
1,25000,0.75,51,10000,0.07237792015075684,0.013858556747436523
1,25000,0.75,51,15000,0.07237792015075684,0.02070760726928711
1,25000,0.75,51,20000,0.07237792015075684,0.02445054054260254
1,25000,0.75,51,25000,0.07237792015075684,0.030308246612548828
1,25000,0.75,51,30000,0.07237792015075684,0.040144920349121094
1,30000,0.75,51,5000,0.08848309516906738,0.006108760833740234
1,30000,0.75,51,10000,0.08848309516906738,0.011142253875732422
1,30000,0.75,51,15000,0.08848309516906738,0.019227266311645508
1,30000,0.75,51,20000,0.08848309516906738,0.02443385124206543
1,30000,0.75,51,25000,0.08848309516906738,0.02974390983581543
1,30000,0.75,51,30000,0.08848309516906738,0.045556068420410156
1,35000,0.75,51,5000,0.11503767967224121,0.0060079097747802734
1,35000,0.75,51,10000,0.11503767967224121,0.012480020523071289
1,35000,0.75,51,15000,0.11503767967224121,0.01829361915588379
1,35000,0.75,51,20000,0.11503767967224121,0.031482696533203125
1,35000,0.75,51,25000,0.11503767967224121,0.031464338302612305
1,35000,0.75,51,30000,0.11503767967224121,0.04158329963684082
1,40000,0.75,51,5000,0.11176824569702148,0.005813121795654297
1,40000,0.75,51,10000,0.11176824569702148,0.01247262954711914
1,40000,0.75,51,15000,0.11176824569702148,0.018530607223510742
1,40000,0.75,51,20000,0.11176824569702148,0.023259639739990234
1,40000,0.75,51,25000,0.11176824569702148,0.028223514556884766
1,40000,0.75,51,30000,0.11176824569702148,0.04485726356506348
1,45000,0.75,51,5000,0.15369725227355957,0.005366325378417969
1,45000,0.75,51,10000,0.15369725227355957,0.011277914047241211
1,45000,0.75,51,15000,0.15369725227355957,0.015477418899536133
1,45000,0.75,51,20000,0.15369725227355957,0.021622657775878906
1,45000,0.75,51,25000,0.15369725227355957,0.0311124324798584
1,45000,0.75,51,30000,0.15369725227355957,0.04369711875915527
1,50000,0.75,51,5000,0.1329805850982666,0.0055999755859375
1,50000,0.75,51,10000,0.1329805850982666,0.010968923568725586
1,50000,0.75,51,15000,0.1329805850982666,0.01639723777770996
1,50000,0.75,51,20000,0.1329805850982666,0.027752399444580078
1,50000,0.75,51,25000,0.1329805850982666,0.028931617736816406
1,50000,0.75,51,30000,0.1329805850982666,0.0449366569519043
1,5000,1.0,51,5000,0.017576932907104492,0.008810281753540039
1,5000,1.0,51,10000,0.017576932907104492,0.015710115432739258
1,5000,1.0,51,15000,0.017576932907104492,0.02402782440185547
1,5000,1.0,51,20000,0.017576932907104492,0.03362464904785156
1,5000,1.0,51,25000,0.017576932907104492,0.045419931411743164
1,5000,1.0,51,30000,0.017576932907104492,0.0591425895690918
1,10000,1.0,51,5000,0.03786206245422363,0.008840322494506836
1,10000,1.0,51,10000,0.03786206245422363,0.016522645950317383
1,10000,1.0,51,15000,0.03786206245422363,0.021962881088256836
1,10000,1.0,51,20000,0.03786206245422363,0.031992197036743164
1,10000,1.0,51,25000,0.03786206245422363,0.049964189529418945
1,10000,1.0,51,30000,0.03786206245422363,0.05928397178649902
1,15000,1.0,51,5000,0.05124926567077637,0.00896000862121582
1,15000,1.0,51,10000,0.05124926567077637,0.016045808792114258
1,15000,1.0,51,15000,0.05124926567077637,0.022342681884765625
1,15000,1.0,51,20000,0.05124926567077637,0.031720638275146484
1,15000,1.0,51,25000,0.05124926567077637,0.04361867904663086
1,15000,1.0,51,30000,0.05124926567077637,0.06038308143615723
1,20000,1.0,51,5000,0.08333635330200195,0.007961511611938477
1,20000,1.0,51,10000,0.08333635330200195,0.01670670509338379
1,20000,1.0,51,15000,0.08333635330200195,0.021999597549438477
1,20000,1.0,51,20000,0.08333635330200195,0.035745859146118164
1,20000,1.0,51,25000,0.08333635330200195,0.06435847282409668
1,20000,1.0,51,30000,0.08333635330200195,0.048964500427246094
1,25000,1.0,51,5000,0.0938577651977539,0.008302927017211914
1,25000,1.0,51,10000,0.0938577651977539,0.01544499397277832
1,25000,1.0,51,15000,0.0938577651977539,0.022947072982788086
1,25000,1.0,51,20000,0.0938577651977539,0.031296730041503906
1,25000,1.0,51,25000,0.0938577651977539,0.05029177665710449
1,25000,1.0,51,30000,0.0938577651977539,0.06076550483703613
1,30000,1.0,51,5000,0.10544085502624512,0.0074367523193359375
1,30000,1.0,51,10000,0.10544085502624512,0.014316797256469727
1,30000,1.0,51,15000,0.10544085502624512,0.022919416427612305
1,30000,1.0,51,20000,0.10544085502624512,0.030571699142456055
1,30000,1.0,51,25000,0.10544085502624512,0.043160200119018555
1,30000,1.0,51,30000,0.10544085502624512,0.06032443046569824
1,35000,1.0,51,5000,0.12112092971801758,0.0069141387939453125
1,35000,1.0,51,10000,0.12112092971801758,0.017766237258911133
1,35000,1.0,51,15000,0.12112092971801758,0.022388458251953125
1,35000,1.0,51,20000,0.12112092971801758,0.0396265983581543
1,35000,1.0,51,25000,0.12112092971801758,0.048590660095214844
1,35000,1.0,51,30000,0.12112092971801758,0.059861183166503906
1,40000,1.0,51,5000,0.14000391960144043,0.007781028747558594
1,40000,1.0,51,10000,0.14000391960144043,0.014481544494628906
1,40000,1.0,51,15000,0.14000391960144043,0.022022724151611328
1,40000,1.0,51,20000,0.14000391960144043,0.0353245735168457
1,40000,1.0,51,25000,0.14000391960144043,0.04280662536621094
1,40000,1.0,51,30000,0.14000391960144043,0.0515599250793457
1,45000,1.0,51,5000,0.17033004760742188,0.006974935531616211
1,45000,1.0,51,10000,0.17033004760742188,0.014798164367675781
1,45000,1.0,51,15000,0.17033004760742188,0.02416682243347168
1,45000,1.0,51,20000,0.17033004760742188,0.03193020820617676
1,45000,1.0,51,25000,0.17033004760742188,0.049286842346191406
1,45000,1.0,51,30000,0.17033004760742188,0.05197262763977051
1,50000,1.0,51,5000,0.18671393394470215,0.006811857223510742
1,50000,1.0,51,10000,0.18671393394470215,0.01319575309753418
1,50000,1.0,51,15000,0.18671393394470215,0.01998758316040039
1,50000,1.0,51,20000,0.18671393394470215,0.03142714500427246
1,50000,1.0,51,25000,0.18671393394470215,0.05608510971069336
1,50000,1.0,51,30000,0.18671393394470215,0.062030792236328125
