dep,date,reg,lib_dep,lib_reg,TO,R,hosp,rea,rad,dchosp,reg_rea,incid_hosp,incid_rea,incid_rad,incid_dchosp,reg_incid_rea
54,2020-03-18,44,Meurthe-et-Moselle,Grand Est,0.438709677419355,,42,19,1,5,204,,,,,
54,2020-03-19,44,Meurthe-et-Moselle,Grand Est,0.556989247311828,,54,23,1,6,241,14,2,1,2,69
54,2020-03-20,44,Meurthe-et-Moselle,Grand Est,0.632258064516129,,65,26,2,7,294,9,1,0,1,45
54,2020-03-21,44,Meurthe-et-Moselle,Grand Est,0.750537634408602,,76,35,2,9,332,19,7,0,10,65
54,2020-03-22,44,Meurthe-et-Moselle,Grand Est,0.827956989247312,,105,57,12,16,370,44,23,10,2,63
54,2020-03-23,44,Meurthe-et-Moselle,Grand Est,0.929032258064516,,121,55,16,19,432,24,6,4,3,81
54,2020-03-24,44,Meurthe-et-Moselle,Grand Est,1.08387096774194,,161,79,25,24,504,42,17,8,5,104
54,2020-03-25,44,Meurthe-et-Moselle,Grand Est,1.23655913978495,,192,83,31,28,575,45,6,6,4,99
54,2020-03-26,44,Meurthe-et-Moselle,Grand Est,1.36774193548387,,209,93,41,33,636,27,5,10,5,95
54,2020-03-27,44,Meurthe-et-Moselle,Grand Est,1.50322580645161,,253,109,54,35,699,55,16,13,2,102
54,2020-03-28,44,Meurthe-et-Moselle,Grand Est,1.6258064516129,,314,131,64,38,756,76,26,12,3,114
54,2020-03-29,44,Meurthe-et-Moselle,Grand Est,1.70322580645161,,325,132,72,42,792,21,2,8,4,71
54,2020-03-30,44,Meurthe-et-Moselle,Grand Est,1.81505376344086,,372,146,89,50,844,72,14,17,8,113
54,2020-03-31,44,Meurthe-et-Moselle,Grand Est,1.91397849462366,,391,150,95,59,890,35,8,6,9,122
54,2020-04-01,44,Meurthe-et-Moselle,Grand Est,1.9741935483871,,411,156,132,75,918,75,20,40,17,107
54,2020-04-02,44,Meurthe-et-Moselle,Grand Est,2.04086021505376,,465,166,154,85,949,101,24,25,10,109
54,2020-04-03,44,Meurthe-et-Moselle,Grand Est,2.08817204301075,,501,180,189,96,971,75,14,35,14,104
54,2020-04-04,44,Meurthe-et-Moselle,Grand Est,2.06451612903226,,497,178,210,102,960,27,6,21,7,72
54,2020-04-05,44,Meurthe-et-Moselle,Grand Est,2.04301075268817,,488,175,225,109,950,13,3,15,7,44
54,2020-04-06,44,Meurthe-et-Moselle,Grand Est,2.01505376344086,,512,171,242,117,937,48,9,17,8,70
54,2020-04-07,44,Meurthe-et-Moselle,Grand Est,2.04301075268817,,496,173,287,126,950,36,5,46,9,61
54,2020-04-08,44,Meurthe-et-Moselle,Grand Est,2.01505376344086,,480,163,334,136,937,56,4,48,11,60
54,2020-04-09,44,Meurthe-et-Moselle,Grand Est,1.96989247311828,,470,160,362,141,916,24,5,30,5,42
54,2020-04-10,44,Meurthe-et-Moselle,Grand Est,1.91182795698925,,508,151,378,163,889,83,4,23,24,31
54,2020-04-11,44,Meurthe-et-Moselle,Grand Est,1.89462365591398,,508,150,390,171,881,18,0,12,8,28
54,2020-04-12,44,Meurthe-et-Moselle,Grand Est,1.88817204301075,,496,146,419,174,878,23,3,28,3,24
54,2020-04-13,44,Meurthe-et-Moselle,Grand Est,1.89247311827957,,506,149,426,179,880,21,6,7,5,24
54,2020-04-14,44,Meurthe-et-Moselle,Grand Est,1.8752688172043,,509,147,449,184,872,33,1,24,6,36
54,2020-04-15,44,Meurthe-et-Moselle,Grand Est,1.79139784946237,,487,138,490,194,833,36,1,42,10,27
54,2020-04-16,44,Meurthe-et-Moselle,Grand Est,1.74193548387097,,460,131,520,202,810,19,2,30,8,31
54,2020-04-17,44,Meurthe-et-Moselle,Grand Est,1.69677419354839,,450,127,535,207,789,18,1,15,5,35
54,2020-04-18,44,Meurthe-et-Moselle,Grand Est,1.62795698924731,,443,118,554,220,757,26,2,19,13,29
54,2020-04-19,44,Meurthe-et-Moselle,Grand Est,1.59569892473118,,441,112,561,225,742,9,2,7,5,13
54,2020-04-20,44,Meurthe-et-Moselle,Grand Est,1.59139784946237,,439,113,572,228,740,12,2,12,3,22
54,2020-04-21,44,Meurthe-et-Moselle,Grand Est,1.53118279569892,,439,115,580,234,712,21,3,12,6,21
54,2020-04-22,44,Meurthe-et-Moselle,Grand Est,1.48817204301075,,435,107,588,242,692,19,4,14,8,29
54,2020-04-23,44,Meurthe-et-Moselle,Grand Est,1.47741935483871,,445,108,601,241,687,26,3,13,0,27
54,2020-04-24,44,Meurthe-et-Moselle,Grand Est,1.44516129032258,,450,108,608,247,672,19,1,7,6,16
54,2020-04-25,44,Meurthe-et-Moselle,Grand Est,1.39139784946237,,450,106,637,249,647,35,4,29,2,16
54,2020-04-26,44,Meurthe-et-Moselle,Grand Est,1.38279569892473,,452,109,640,250,643,4,3,3,1,13
54,2020-04-27,44,Meurthe-et-Moselle,Grand Est,1.34408602150538,,453,110,653,251,625,16,2,14,1,17
54,2020-04-28,44,Meurthe-et-Moselle,Grand Est,1.29247311827957,,441,103,658,255,605,23,4,9,9,24
54,2020-04-29,44,Meurthe-et-Moselle,Grand Est,1.23225806451613,,375,88,729,280,573,20,0,69,20,13
54,2020-04-30,44,Meurthe-et-Moselle,Grand Est,1.16344086021505,,365,85,747,282,541,16,4,20,2,16
54,2020-05-01,44,Meurthe-et-Moselle,Grand Est,1.11182795698925,,368,84,757,286,517,19,2,13,4,15
54,2020-05-02,44,Meurthe-et-Moselle,Grand Est,1.10537634408602,,368,81,761,286,514,6,2,4,0,14
54,2020-05-03,44,Meurthe-et-Moselle,Grand Est,1.08387096774194,,362,81,764,289,504,1,1,3,3,17
54,2020-05-04,44,Meurthe-et-Moselle,Grand Est,1.07096774193548,,361,82,769,290,498,9,3,7,1,13
54,2020-05-05,44,Meurthe-et-Moselle,Grand Est,0.997849462365591,,334,68,795,292,464,8,1,26,2,22
54,2020-05-06,44,Meurthe-et-Moselle,Grand Est,0.868817204301075,,322,54,798,296,404,17,0,15,4,6
54,2020-05-07,44,Meurthe-et-Moselle,Grand Est,0.81505376344086,,314,47,805,298,379,10,0,10,2,14
54,2020-05-08,44,Meurthe-et-Moselle,Grand Est,0.78494623655914,,300,44,812,305,365,12,2,7,10,10
54,2020-05-09,44,Meurthe-et-Moselle,Grand Est,0.776344086021505,,292,43,817,308,361,1,1,5,3,6
54,2020-05-10,44,Meurthe-et-Moselle,Grand Est,0.752688172043011,,298,42,824,310,350,18,0,7,2,2
54,2020-05-11,44,Meurthe-et-Moselle,Grand Est,0.735483870967742,,296,39,826,314,342,4,1,2,4,8
54,2020-05-12,44,Meurthe-et-Moselle,Grand Est,0.645161290322581,,282,32,847,321,300,14,0,22,7,11
54,2020-05-13,44,Meurthe-et-Moselle,Grand Est,0.597849462365591,,248,26,886,325,278,13,0,40,4,8
54,2020-05-14,44,Meurthe-et-Moselle,Grand Est,0.548387096774194,,229,23,900,325,255,6,0,14,0,2
54,2020-05-15,44,Meurthe-et-Moselle,Grand Est,0.544086021505376,,227,21,908,326,253,8,1,8,2,6
54,2020-05-16,44,Meurthe-et-Moselle,Grand Est,0.531182795698925,,220,22,918,328,247,4,3,10,2,9
54,2020-05-17,44,Meurthe-et-Moselle,Grand Est,0.503225806451613,,220,22,917,329,234,1,1,0,1,8
54,2020-05-18,44,Meurthe-et-Moselle,Grand Est,0.501075268817204,,212,22,924,331,233,3,0,7,2,8
54,2020-05-19,44,Meurthe-et-Moselle,Grand Est,0.486021505376344,,208,21,935,331,226,11,1,11,1,12
54,2020-05-20,44,Meurthe-et-Moselle,Grand Est,0.470967741935484,,195,19,949,331,219,2,0,15,1,8
54,2020-05-21,44,Meurthe-et-Moselle,Grand Est,0.468817204301075,,192,21,957,331,218,4,2,8,0,8
54,2020-05-22,44,Meurthe-et-Moselle,Grand Est,0.451612903225806,,180,21,970,333,210,6,1,13,2,5
54,2020-05-23,44,Meurthe-et-Moselle,Grand Est,0.451612903225806,,185,21,971,335,210,8,1,1,2,10
54,2020-05-24,44,Meurthe-et-Moselle,Grand Est,0.438709677419355,,186,21,973,337,204,5,2,2,2,4
54,2020-05-25,44,Meurthe-et-Moselle,Grand Est,0.419354838709677,,165,23,1014,337,195,21,2,42,0,5
54,2020-05-26,44,Meurthe-et-Moselle,Grand Est,0.391397849462366,,161,21,1022,340,182,7,0,8,3,4
54,2020-05-27,44,Meurthe-et-Moselle,Grand Est,0.389247311827957,,159,20,1029,341,181,6,0,8,1,6
54,2020-05-28,44,Meurthe-et-Moselle,Grand Est,0.38494623655914,,157,17,1034,341,179,4,0,5,0,11
54,2020-05-29,44,Meurthe-et-Moselle,Grand Est,0.361290322580645,,154,16,1041,341,168,5,1,8,0,8
54,2020-05-30,44,Meurthe-et-Moselle,Grand Est,0.352688172043011,,143,15,1051,341,164,2,1,10,0,6
54,2020-05-31,44,Meurthe-et-Moselle,Grand Est,0.346236559139785,,142,14,1053,341,161,1,0,2,0,3
54,2020-06-01,44,Meurthe-et-Moselle,Grand Est,0.341935483870968,,142,14,1053,341,159,0,0,0,0,4
54,2020-06-02,44,Meurthe-et-Moselle,Grand Est,0.313978494623656,,140,13,1056,342,146,2,0,6,1,4
54,2020-06-03,44,Meurthe-et-Moselle,Grand Est,0.318279569892473,,139,13,1060,342,148,5,0,5,0,6
54,2020-06-04,44,Meurthe-et-Moselle,Grand Est,0.296774193548387,,129,12,1071,345,138,4,0,11,3,3
54,2020-06-05,44,Meurthe-et-Moselle,Grand Est,0.279569892473118,,121,10,1079,348,130,4,0,8,3,4
54,2020-06-06,44,Meurthe-et-Moselle,Grand Est,0.275268817204301,,129,10,1081,349,128,11,1,2,1,3
54,2020-06-07,44,Meurthe-et-Moselle,Grand Est,0.270967741935484,,129,9,1081,350,126,1,0,0,1,0
54,2020-06-08,44,Meurthe-et-Moselle,Grand Est,0.258064516129032,,123,9,1089,352,120,4,0,8,2,4
54,2020-06-09,44,Meurthe-et-Moselle,Grand Est,0.217204301075269,,119,9,1093,356,101,4,0,6,4,2
54,2020-06-10,44,Meurthe-et-Moselle,Grand Est,0.197849462365591,,118,9,1099,354,92,7,0,7,0,2
54,2020-06-11,44,Meurthe-et-Moselle,Grand Est,0.197849462365591,,120,10,1104,354,92,7,2,5,0,6
54,2020-06-12,44,Meurthe-et-Moselle,Grand Est,0.174193548387097,0.89,120,10,1110,354,81,5,1,6,0,3
54,2020-06-13,44,Meurthe-et-Moselle,Grand Est,0.18494623655914,,120,10,1110,354,86,0,0,0,0,5
54,2020-06-14,44,Meurthe-et-Moselle,Grand Est,0.191397849462366,,120,11,1111,354,89,1,1,1,0,3
54,2020-06-15,44,Meurthe-et-Moselle,Grand Est,0.187096774193548,0.72,118,12,1115,354,87,1,1,4,0,3
54,2020-06-16,44,Meurthe-et-Moselle,Grand Est,0.176344086021505,,108,12,1128,354,82,4,1,13,0,4
54,2020-06-17,44,Meurthe-et-Moselle,Grand Est,0.165591397849462,,110,10,1130,354,77,5,1,2,0,2
54,2020-06-18,44,Meurthe-et-Moselle,Grand Est,0.163440860215054,,114,11,1131,354,76,6,2,1,0,2
54,2020-06-19,44,Meurthe-et-Moselle,Grand Est,0.150537634408602,,106,7,1143,354,70,4,1,12,0,2
54,2020-06-20,44,Meurthe-et-Moselle,Grand Est,0.150537634408602,1.01,104,7,1145,354,70,0,0,2,0,1
54,2020-06-21,44,Meurthe-et-Moselle,Grand Est,0.150537634408602,,105,7,1145,354,70,1,0,0,0,0
54,2020-06-22,44,Meurthe-et-Moselle,Grand Est,0.141935483870968,,92,6,1160,354,66,2,0,15,0,1
54,2020-06-23,44,Meurthe-et-Moselle,Grand Est,0.137634408602151,0.72,94,6,1161,354,64,3,0,1,0,1
54,2020-06-24,44,Meurthe-et-Moselle,Grand Est,0.133333333333333,,91,6,1170,354,62,6,0,9,0,0
54,2020-06-25,44,Meurthe-et-Moselle,Grand Est,0.126881720430108,,90,6,1173,355,59,3,1,3,1,1
54,2020-06-26,44,Meurthe-et-Moselle,Grand Est,0.120430107526882,,91,6,1173,355,56,1,0,0,0,2
54,2020-06-27,44,Meurthe-et-Moselle,Grand Est,0.120430107526882,0.63,90,6,1174,355,56,0,0,1,0,0
54,2020-06-28,44,Meurthe-et-Moselle,Grand Est,0.120430107526882,,90,6,1174,355,56,0,0,0,0,0
54,2020-06-29,44,Meurthe-et-Moselle,Grand Est,0.118279569892473,,91,6,1176,356,55,4,1,2,1,1
54,2020-06-30,44,Meurthe-et-Moselle,Grand Est,0.113978494623656,0.6,86,6,1184,356,53,3,0,8,0,1
54,2020-07-01,44,Meurthe-et-Moselle,Grand Est,0.111827956989247,,86,6,1184,356,52,0,0,0,0,2
54,2020-07-02,44,Meurthe-et-Moselle,Grand Est,0.111827956989247,,79,4,1188,358,52,0,0,4,2,2
54,2020-07-03,44,Meurthe-et-Moselle,Grand Est,0.109677419354839,,80,4,1188,358,51,1,0,0,0,2
54,2020-07-04,44,Meurthe-et-Moselle,Grand Est,0.101075268817204,0.78,78,4,1190,358,47,0,0,2,0,0
54,2020-07-05,44,Meurthe-et-Moselle,Grand Est,0.101075268817204,,78,4,1190,358,47,0,0,0,0,0
54,2020-07-06,44,Meurthe-et-Moselle,Grand Est,0.103225806451613,,78,5,1191,358,48,1,1,1,0,2
54,2020-07-07,44,Meurthe-et-Moselle,Grand Est,0.111827956989247,0.84,73,5,1195,358,52,1,0,4,0,5
54,2020-07-08,44,Meurthe-et-Moselle,Grand Est,0.109677419354839,,68,5,1199,359,51,0,1,4,1,2
54,2020-07-09,44,Meurthe-et-Moselle,Grand Est,0.103225806451613,,65,5,1202,359,48,0,0,3,0,1
54,2020-07-10,44,Meurthe-et-Moselle,Grand Est,0.0989247311827957,,66,4,1204,359,46,3,0,2,0,0
54,2020-07-11,44,Meurthe-et-Moselle,Grand Est,0.0989247311827957,0.97,67,4,1204,359,46,1,0,0,0,0
54,2020-07-12,44,Meurthe-et-Moselle,Grand Est,0.0989247311827957,,63,4,1209,359,46,1,0,5,0,0
54,2020-07-13,44,Meurthe-et-Moselle,Grand Est,0.0967741935483871,,61,4,1212,359,45,1,0,3,0,0
54,2020-07-14,44,Meurthe-et-Moselle,Grand Est,0.0924731182795699,0.98,60,4,1216,359,43,3,0,4,0,0
54,2020-07-15,44,Meurthe-et-Moselle,Grand Est,0.0903225806451613,,59,4,1217,359,42,0,0,1,0,3
54,2020-07-16,44,Meurthe-et-Moselle,Grand Est,0.0838709677419355,,59,4,1217,360,39,1,1,0,1,1
54,2020-07-17,44,Meurthe-et-Moselle,Grand Est,0.0795698924731183,,59,4,1217,360,37,0,0,0,0,0
54,2020-07-18,44,Meurthe-et-Moselle,Grand Est,0.0817204301075269,1.72,58,4,1218,360,38,0,0,1,0,1
54,2020-07-19,44,Meurthe-et-Moselle,Grand Est,0.0817204301075269,,58,4,1218,360,38,0,0,0,0,0
54,2020-07-20,44,Meurthe-et-Moselle,Grand Est,0.0795698924731183,,57,3,1222,360,37,3,1,4,0,3
54,2020-07-21,44,Meurthe-et-Moselle,Grand Est,0.0731182795698925,1.47,57,2,1225,360,34,3,0,3,0,0
54,2020-07-22,44,Meurthe-et-Moselle,Grand Est,0.0709677419354839,,55,2,1229,360,33,2,0,4,0,0
54,2020-07-23,44,Meurthe-et-Moselle,Grand Est,0.0645161290322581,,55,1,1229,360,30,0,0,0,0,1
54,2020-07-24,44,Meurthe-et-Moselle,Grand Est,0.043010752688172,,55,0,1229,360,20,0,0,0,0,1
54,2020-07-25,44,Meurthe-et-Moselle,Grand Est,0.0408602150537634,1.23,54,1,1231,360,19,1,1,2,0,1
54,2020-07-26,44,Meurthe-et-Moselle,Grand Est,0.0408602150537634,,54,1,1231,360,19,0,0,0,0,0
54,2020-07-27,44,Meurthe-et-Moselle,Grand Est,0.0387096774193548,,55,2,1232,360,18,2,1,1,0,2
54,2020-07-28,44,Meurthe-et-Moselle,Grand Est,0.0408602150537634,1.13,55,2,1233,360,19,1,0,1,0,1
54,2020-07-29,44,Meurthe-et-Moselle,Grand Est,0.0387096774193548,,55,2,1234,360,18,1,0,1,0,0
54,2020-07-30,44,Meurthe-et-Moselle,Grand Est,0.0387096774193548,,54,2,1235,360,18,1,0,1,0,1
54,2020-07-31,44,Meurthe-et-Moselle,Grand Est,0.032258064516129,,58,2,1237,360,15,5,0,2,0,0
54,2020-08-01,44,Meurthe-et-Moselle,Grand Est,0.032258064516129,1.19,56,2,1239,360,15,0,0,2,0,0
54,2020-08-02,44,Meurthe-et-Moselle,Grand Est,0.032258064516129,,56,2,1239,360,15,0,0,0,0,0
54,2020-08-03,44,Meurthe-et-Moselle,Grand Est,0.0301075268817204,,57,1,1239,360,14,1,0,0,0,1
54,2020-08-04,44,Meurthe-et-Moselle,Grand Est,0.0301075268817204,1.2,56,1,1240,360,14,0,0,1,0,0
54,2020-08-05,44,Meurthe-et-Moselle,Grand Est,0.032258064516129,,55,1,1241,361,15,1,0,2,1,1
54,2020-08-06,44,Meurthe-et-Moselle,Grand Est,0.0344086021505376,,52,1,1244,361,16,0,0,3,0,1
54,2020-08-07,44,Meurthe-et-Moselle,Grand Est,0.0365591397849462,,52,1,1248,361,17,4,0,4,0,1
54,2020-08-08,44,Meurthe-et-Moselle,Grand Est,0.0365591397849462,1.22,52,1,1248,361,17,0,0,0,0,0
54,2020-08-09,44,Meurthe-et-Moselle,Grand Est,0.0365591397849462,,52,1,1248,361,17,0,0,0,0,0
54,2020-08-10,44,Meurthe-et-Moselle,Grand Est,0.0365591397849462,,50,1,1250,362,17,1,0,2,1,0
54,2020-08-11,44,Meurthe-et-Moselle,Grand Est,0.0365591397849462,1.11,49,1,1251,362,17,0,0,1,0,0
54,2020-08-12,44,Meurthe-et-Moselle,Grand Est,0.0344086021505376,,47,1,1252,362,16,0,0,1,0,0
54,2020-08-13,44,Meurthe-et-Moselle,Grand Est,0.0365591397849462,,47,1,1252,362,17,0,0,0,0,1
54,2020-08-14,44,Meurthe-et-Moselle,Grand Est,0.0387096774193548,,43,1,1259,364,18,5,1,7,2,2
54,2020-08-15,44,Meurthe-et-Moselle,Grand Est,0.0387096774193548,1.22,43,1,1259,364,18,0,0,0,0,0
54,2020-08-16,44,Meurthe-et-Moselle,Grand Est,0.0387096774193548,,43,1,1259,364,18,0,0,0,0,0
54,2020-08-17,44,Meurthe-et-Moselle,Grand Est,0.0387096774193548,,43,1,1259,364,18,0,0,0,0,0
54,2020-08-18,44,Meurthe-et-Moselle,Grand Est,0.0387096774193548,1.38,43,1,1259,364,18,0,0,0,0,0
54,2020-08-19,44,Meurthe-et-Moselle,Grand Est,0.0365591397849462,,45,0,1259,365,17,3,0,0,1,0
54,2020-08-20,44,Meurthe-et-Moselle,Grand Est,0.0387096774193548,,44,0,1260,365,18,0,0,1,0,3
54,2020-08-21,44,Meurthe-et-Moselle,Grand Est,0.043010752688172,,44,0,1260,365,20,0,0,0,0,2
54,2020-08-22,44,Meurthe-et-Moselle,Grand Est,0.043010752688172,1.38,44,0,1260,365,20,0,0,0,0,0
54,2020-08-23,44,Meurthe-et-Moselle,Grand Est,0.043010752688172,,44,0,1260,365,20,0,0,0,0,0
54,2020-08-24,44,Meurthe-et-Moselle,Grand Est,0.0451612903225806,,41,0,1263,365,21,0,0,3,0,2
54,2020-08-25,44,Meurthe-et-Moselle,Grand Est,0.043010752688172,1.43,41,0,1263,365,20,0,0,0,0,3
54,2020-08-26,44,Meurthe-et-Moselle,Grand Est,0.032258064516129,,41,0,1264,365,15,1,0,1,0,0
54,2020-08-27,44,Meurthe-et-Moselle,Grand Est,0.0344086021505376,,42,0,1265,365,16,3,0,1,0,1
54,2020-08-28,44,Meurthe-et-Moselle,Grand Est,0.0301075268817204,,40,0,1268,365,14,1,0,3,0,1
54,2020-08-29,44,Meurthe-et-Moselle,Grand Est,0.032258064516129,1.37,40,0,1268,365,15,0,0,0,0,2
54,2020-08-30,44,Meurthe-et-Moselle,Grand Est,0.032258064516129,,40,0,1268,365,15,0,0,0,0,0
54,2020-08-31,44,Meurthe-et-Moselle,Grand Est,0.032258064516129,,41,0,1270,365,15,3,0,2,0,2
54,2020-09-01,44,Meurthe-et-Moselle,Grand Est,0.0344086021505376,1.26,45,0,1277,366,16,11,0,7,1,2
54,2020-09-02,44,Meurthe-et-Moselle,Grand Est,0.0387096774193548,,46,1,1280,367,18,4,0,3,1,4
54,2020-09-03,44,Meurthe-et-Moselle,Grand Est,0.032258064516129,,47,1,1280,367,15,1,0,0,0,0
54,2020-09-04,44,Meurthe-et-Moselle,Grand Est,0.0344086021505376,,48,1,1280,367,16,1,0,0,0,2
54,2020-09-05,44,Meurthe-et-Moselle,Grand Est,0.032258064516129,1.13,49,1,1280,367,15,1,0,0,0,0
54,2020-09-06,44,Meurthe-et-Moselle,Grand Est,0.032258064516129,,47,1,1282,367,15,0,0,2,0,0
54,2020-09-07,44,Meurthe-et-Moselle,Grand Est,0.0279569892473118,,48,1,1282,367,13,2,0,0,0,1
54,2020-09-08,44,Meurthe-et-Moselle,Grand Est,0.0344086021505376,1.1,36,1,1296,370,16,6,0,14,3,3
54,2020-09-09,44,Meurthe-et-Moselle,Grand Est,0.0387096774193548,,41,1,1302,370,18,12,0,6,0,2
54,2020-09-10,44,Meurthe-et-Moselle,Grand Est,0.0408602150537634,,41,1,1304,370,19,3,0,2,0,1
54,2020-09-11,44,Meurthe-et-Moselle,Grand Est,0.0365591397849462,,41,1,1304,371,17,4,0,0,1,0
54,2020-09-12,44,Meurthe-et-Moselle,Grand Est,0.0365591397849462,1.23,40,1,1306,371,17,1,0,2,0,0
54,2020-09-13,44,Meurthe-et-Moselle,Grand Est,0.0365591397849462,,40,1,1306,371,17,0,0,0,0,0
54,2020-09-14,44,Meurthe-et-Moselle,Grand Est,0.0387096774193548,,41,2,1311,371,18,6,1,5,0,1
54,2020-09-15,44,Meurthe-et-Moselle,Grand Est,0.0451612903225806,1.27,45,3,1312,371,21,5,1,1,0,5
54,2020-09-16,44,Meurthe-et-Moselle,Grand Est,0.0473118279569892,,48,3,1312,371,22,3,0,0,0,3
54,2020-09-17,44,Meurthe-et-Moselle,Grand Est,0.0451612903225806,,47,3,1314,372,21,3,0,2,1,3
54,2020-09-18,44,Meurthe-et-Moselle,Grand Est,0.0451612903225806,,47,1,1314,373,21,2,0,0,1,3
54,2020-09-19,44,Meurthe-et-Moselle,Grand Est,0.0451612903225806,1.09,49,1,1314,373,21,2,0,0,0,0
54,2020-09-20,44,Meurthe-et-Moselle,Grand Est,0.0451612903225806,,49,1,1314,373,21,0,0,0,0,0
54,2020-09-21,44,Meurthe-et-Moselle,Grand Est,0.0473118279569892,,50,1,1318,373,22,5,0,4,0,1
54,2020-09-22,44,Meurthe-et-Moselle,Grand Est,0.0494623655913978,0.97,50,1,1320,373,23,2,0,2,0,4
54,2020-09-23,44,Meurthe-et-Moselle,Grand Est,0.0451612903225806,,46,1,1324,373,21,0,0,5,0,1
54,2020-09-24,44,Meurthe-et-Moselle,Grand Est,0.0580645161290323,,43,1,1327,373,27,0,0,3,0,6
54,2020-09-25,44,Meurthe-et-Moselle,Grand Est,0.0752688172043011,,42,3,1333,374,35,5,1,6,1,9
54,2020-09-26,44,Meurthe-et-Moselle,Grand Est,0.0731182795698925,0.9,47,3,1336,373,34,7,0,3,0,2
54,2020-09-27,44,Meurthe-et-Moselle,Grand Est,0.0731182795698925,,47,3,1336,373,34,0,0,0,0,0
54,2020-09-28,44,Meurthe-et-Moselle,Grand Est,0.0774193548387097,,47,3,1336,373,36,1,0,0,0,3
54,2020-09-29,44,Meurthe-et-Moselle,Grand Est,0.0752688172043011,0.87,46,3,1340,373,35,3,0,4,0,1
54,2020-09-30,44,Meurthe-et-Moselle,Grand Est,0.0817204301075269,,44,3,1343,374,38,2,1,3,1,7
54,2020-10-01,44,Meurthe-et-Moselle,Grand Est,0.0946236559139785,,46,2,1345,374,44,3,0,2,0,8
54,2020-10-02,44,Meurthe-et-Moselle,Grand Est,0.0989247311827957,,47,4,1347,375,46,3,2,2,1,7
54,2020-10-03,44,Meurthe-et-Moselle,Grand Est,0.0946236559139785,1.12,45,3,1354,370,44,2,0,7,0,1
54,2020-10-04,44,Meurthe-et-Moselle,Grand Est,0.0946236559139785,,44,3,1355,370,44,0,0,1,0,1
54,2020-10-05,44,Meurthe-et-Moselle,Grand Est,0.0967741935483871,,46,3,1355,370,45,2,0,0,0,4
54,2020-10-06,44,Meurthe-et-Moselle,Grand Est,0.0946236559139785,1.39,49,3,1359,370,44,7,0,4,0,4
54,2020-10-07,44,Meurthe-et-Moselle,Grand Est,0.0946236559139785,,44,2,1366,373,44,5,0,7,3,4
54,2020-10-08,44,Meurthe-et-Moselle,Grand Est,0.0838709677419355,,50,3,1368,373,39,7,0,2,0,2
54,2020-10-09,44,Meurthe-et-Moselle,Grand Est,0.0881720430107527,,45,3,1373,373,41,1,1,5,0,4
54,2020-10-10,44,Meurthe-et-Moselle,Grand Est,0.0860215053763441,1.62,46,3,1376,373,40,4,1,3,0,3
54,2020-10-11,44,Meurthe-et-Moselle,Grand Est,0.0967741935483871,,46,3,1376,373,45,0,0,0,0,6
54,2020-10-12,44,Meurthe-et-Moselle,Grand Est,0.10752688172043,,51,4,1380,374,50,10,1,4,1,6
54,2020-10-13,44,Meurthe-et-Moselle,Grand Est,0.116129032258065,1.6,47,7,1389,374,54,6,3,9,0,7
54,2020-10-14,44,Meurthe-et-Moselle,Grand Est,0.126881720430108,,57,8,1389,374,59,8,1,0,0,9
54,2020-10-15,44,Meurthe-et-Moselle,Grand Est,0.144086021505376,,61,9,1394,374,67,7,1,5,0,12
54,2020-10-16,44,Meurthe-et-Moselle,Grand Est,0.154838709677419,,64,11,1397,375,72,9,2,3,1,9
54,2020-10-17,44,Meurthe-et-Moselle,Grand Est,0.135483870967742,1.59,67,6,1399,375,63,5,0,2,0,2
54,2020-10-18,44,Meurthe-et-Moselle,Grand Est,0.139784946236559,,70,8,1399,375,65,3,2,0,0,5
54,2020-10-19,44,Meurthe-et-Moselle,Grand Est,0.146236559139785,,63,8,1405,377,68,2,1,6,2,7
54,2020-10-20,44,Meurthe-et-Moselle,Grand Est,0.159139784946237,1.69,62,8,1410,377,74,4,0,5,0,13
54,2020-10-21,44,Meurthe-et-Moselle,Grand Est,0.174193548387097,,69,8,1417,378,81,16,1,7,1,12
54,2020-10-22,44,Meurthe-et-Moselle,Grand Est,0.178494623655914,,73,8,1420,378,83,7,0,3,0,6
54,2020-10-23,44,Meurthe-et-Moselle,Grand Est,0.212903225806452,,78,9,1425,381,99,16,2,5,3,21
54,2020-10-24,44,Meurthe-et-Moselle,Grand Est,0.204301075268817,1.71,81,9,1426,381,95,5,1,1,0,5
54,2020-10-25,44,Meurthe-et-Moselle,Grand Est,0.217204301075269,,86,10,1433,381,101,11,1,7,0,10
54,2020-10-26,44,Meurthe-et-Moselle,Grand Est,0.236559139784946,,107,16,1438,383,110,28,7,5,2,17
54,2020-10-27,44,Meurthe-et-Moselle,Grand Est,0.258064516129032,1.58,126,15,1447,383,120,29,2,9,0,22
54,2020-10-28,44,Meurthe-et-Moselle,Grand Est,0.273118279569892,,143,19,1453,386,127,26,4,6,3,15
54,2020-10-29,44,Meurthe-et-Moselle,Grand Est,0.283870967741935,,158,21,1461,389,132,26,4,8,3,24
54,2020-10-30,44,Meurthe-et-Moselle,Grand Est,0.324731182795699,,174,23,1472,393,151,32,5,11,4,29
54,2020-10-31,44,Meurthe-et-Moselle,Grand Est,0.335483870967742,1.33,183,25,1482,396,156,25,4,10,3,19
54,2020-11-01,44,Meurthe-et-Moselle,Grand Est,0.374193548387097,,185,25,1489,398,174,10,1,6,2,27
54,2020-11-02,44,Meurthe-et-Moselle,Grand Est,0.395698924731183,,201,25,1493,399,184,25,1,6,1,23
54,2020-11-03,44,Meurthe-et-Moselle,Grand Est,0.434408602150538,,234,30,1504,400,202,46,6,11,1,33
54,2020-11-04,44,Meurthe-et-Moselle,Grand Est,0.445161290322581,,243,34,1523,403,207,31,8,20,3,27
54,2020-11-05,44,Meurthe-et-Moselle,Grand Est,0.468817204301075,,251,34,1532,407,218,23,5,9,4,35
54,2020-11-06,44,Meurthe-et-Moselle,Grand Est,0.511827956989247,,261,36,1547,406,238,26,4,16,0,34
54,2020-11-07,44,Meurthe-et-Moselle,Grand Est,0.531182795698925,1.01,269,44,1564,408,247,22,7,18,2,23
54,2020-11-08,44,Meurthe-et-Moselle,Grand Est,0.541935483870968,,277,47,1573,413,252,20,3,9,5,16
54,2020-11-09,44,Meurthe-et-Moselle,Grand Est,0.595698924731183,,285,48,1586,422,277,33,1,13,9,37
54,2020-11-10,44,Meurthe-et-Moselle,Grand Est,0.634408602150538,0.86,310,55,1599,427,295,42,7,13,5,37
54,2020-11-11,44,Meurthe-et-Moselle,Grand Est,0.651612903225806,,323,52,1611,430,303,29,2,12,3,26
54,2020-11-12,44,Meurthe-et-Moselle,Grand Est,0.686021505376344,,339,50,1623,435,319,37,1,11,5,41
54,2020-11-13,44,Meurthe-et-Moselle,Grand Est,0.698924731182796,,347,51,1639,436,325,33,6,14,2,39
54,2020-11-14,44,Meurthe-et-Moselle,Grand Est,0.720430107526882,0.7,336,50,1665,441,335,22,1,26,5,24
54,2020-11-15,44,Meurthe-et-Moselle,Grand Est,0.735483870967742,,329,51,1680,448,342,17,7,15,7,19
54,2020-11-16,44,Meurthe-et-Moselle,Grand Est,0.739784946236559,,358,53,1681,452,344,34,4,2,4,26
54,2020-11-17,44,Meurthe-et-Moselle,Grand Est,0.737634408602151,,383,62,1693,455,343,37,7,14,3,34
54,2020-11-18,44,Meurthe-et-Moselle,Grand Est,0.759139784946237,,374,61,1717,461,353,24,2,24,6,32
54,2020-11-19,44,Meurthe-et-Moselle,Grand Est,0.735483870967742,,378,58,1732,465,342,26,2,15,4,21
54,2020-11-20,44,Meurthe-et-Moselle,Grand Est,0.746236559139785,,373,57,1758,469,347,24,3,25,4,34
54,2020-11-21,44,Meurthe-et-Moselle,Grand Est,0.759139784946237,0.65,372,58,1776,472,353,23,3,18,4,20
54,2020-11-22,44,Meurthe-et-Moselle,Grand Est,0.767741935483871,,369,56,1783,477,357,11,0,7,5,16
54,2020-11-23,44,Meurthe-et-Moselle,Grand Est,0.759139784946237,,372,53,1788,479,353,10,1,6,2,19
54,2020-11-24,44,Meurthe-et-Moselle,Grand Est,0.754838709677419,,356,50,1811,485,351,17,0,23,6,21
54,2020-11-25,44,Meurthe-et-Moselle,Grand Est,0.746236559139785,,361,51,1826,488,347,22,3,16,3,24
54,2020-11-26,44,Meurthe-et-Moselle,Grand Est,0.713978494623656,,368,50,1844,491,332,30,1,17,3,14
54,2020-11-27,44,Meurthe-et-Moselle,Grand Est,0.67741935483871,,360,46,1865,498,315,25,0,22,7,16
54,2020-11-28,44,Meurthe-et-Moselle,Grand Est,0.660215053763441,0.66,354,46,1883,500,307,17,2,20,2,15
54,2020-11-29,44,Meurthe-et-Moselle,Grand Est,0.666666666666667,,355,45,1892,503,310,14,1,10,3,12
54,2020-11-30,44,Meurthe-et-Moselle,Grand Est,0.675268817204301,,357,45,1895,506,314,9,0,4,3,16
54,2020-12-01,44,Meurthe-et-Moselle,Grand Est,0.632258064516129,,347,44,1917,511,294,20,1,23,5,10
54,2020-12-02,44,Meurthe-et-Moselle,Grand Est,0.61505376344086,,339,44,1933,514,286,13,1,16,3,11
54,2020-12-03,44,Meurthe-et-Moselle,Grand Est,0.61505376344086,,366,48,1948,515,286,43,3,15,1,23
54,2020-12-04,44,Meurthe-et-Moselle,Grand Est,0.6,,362,49,1961,519,279,14,4,12,4,15
54,2020-12-05,44,Meurthe-et-Moselle,Grand Est,0.606451612903226,0.93,362,52,1971,525,282,19,3,11,6,16
54,2020-12-06,44,Meurthe-et-Moselle,Grand Est,0.606451612903226,,361,53,1977,528,282,8,1,6,3,8
54,2020-12-07,44,Meurthe-et-Moselle,Grand Est,0.595698924731183,,356,51,1985,535,277,12,3,7,7,19
54,2020-12-08,44,Meurthe-et-Moselle,Grand Est,0.578494623655914,,357,50,2003,540,269,25,3,20,5,24
54,2020-12-09,44,Meurthe-et-Moselle,Grand Est,0.56989247311828,,345,50,2027,546,265,18,1,23,6,11
54,2020-12-10,44,Meurthe-et-Moselle,Grand Est,0.574193548387097,,353,51,2036,552,267,24,4,8,6,24
54,2020-12-11,44,Meurthe-et-Moselle,Grand Est,0.563440860215054,,361,54,2047,557,262,23,5,12,5,19
54,2020-12-12,44,Meurthe-et-Moselle,Grand Est,0.56989247311828,1.18,364,54,2054,560,265,15,3,7,3,19
54,2020-12-13,44,Meurthe-et-Moselle,Grand Est,0.578494623655914,,387,55,2057,565,269,32,4,4,5,15
54,2020-12-14,44,Meurthe-et-Moselle,Grand Est,0.608602150537634,,396,58,2060,567,283,13,3,3,2,30
54,2020-12-15,44,Meurthe-et-Moselle,Grand Est,0.640860215053763,,397,65,2104,573,298,51,10,45,6,30
54,2020-12-16,44,Meurthe-et-Moselle,Grand Est,0.63010752688172,,411,71,2121,587,293,47,9,18,14,23
54,2020-12-17,44,Meurthe-et-Moselle,Grand Est,0.619354838709677,,411,69,2139,595,288,28,4,20,8,22
54,2020-12-18,44,Meurthe-et-Moselle,Grand Est,0.606451612903226,,416,69,2158,599,282,29,3,17,4,19
54,2020-12-19,44,Meurthe-et-Moselle,Grand Est,0.606451612903226,1.23,416,69,2179,607,282,30,8,21,8,24
54,2020-12-20,44,Meurthe-et-Moselle,Grand Est,0.6,,417,68,2184,611,279,11,2,6,4,7
54,2020-12-21,44,Meurthe-et-Moselle,Grand Est,0.58494623655914,,412,64,2195,619,272,16,2,11,8,19
54,2020-12-22,44,Meurthe-et-Moselle,Grand Est,0.602150537634409,,428,72,2224,628,280,53,16,28,9,36
54,2020-12-23,44,Meurthe-et-Moselle,Grand Est,0.582795698924731,,409,63,2256,637,271,24,3,33,9,23
54,2020-12-24,44,Meurthe-et-Moselle,Grand Est,0.6,,419,65,2296,642,279,56,6,41,5,32
54,2020-12-25,44,Meurthe-et-Moselle,Grand Est,0.6,,413,62,2301,645,279,3,1,5,3,17
54,2020-12-26,44,Meurthe-et-Moselle,Grand Est,0.634408602150538,0.89,408,63,2320,650,295,18,2,21,5,23
54,2020-12-27,44,Meurthe-et-Moselle,Grand Est,0.627956989247312,,427,61,2324,653,292,26,3,6,3,15
54,2020-12-28,44,Meurthe-et-Moselle,Grand Est,0.647311827956989,,422,61,2329,655,301,11,4,6,2,24
54,2020-12-29,44,Meurthe-et-Moselle,Grand Est,0.634408602150538,,439,65,2344,661,295,44,9,17,6,36
54,2020-12-30,44,Meurthe-et-Moselle,Grand Est,0.638709677419355,,432,65,2364,666,297,16,2,17,5,24
54,2020-12-31,44,Meurthe-et-Moselle,Grand Est,0.653763440860215,,414,64,2383,673,304,10,2,19,7,28
54,2021-01-01,44,Meurthe-et-Moselle,Grand Est,0.649462365591398,,422,64,2390,675,302,19,3,8,2,13
54,2021-01-02,44,Meurthe-et-Moselle,Grand Est,0.660215053763441,1.01,427,64,2411,683,307,35,9,20,8,30
54,2021-01-03,44,Meurthe-et-Moselle,Grand Est,0.660215053763441,,428,62,2416,687,307,8,1,3,4,13
54,2021-01-04,44,Meurthe-et-Moselle,Grand Est,0.647311827956989,,435,62,2427,690,301,26,3,12,3,26
54,2021-01-05,44,Meurthe-et-Moselle,Grand Est,0.636559139784946,,451,62,2442,692,296,35,5,16,2,27
54,2021-01-06,44,Meurthe-et-Moselle,Grand Est,0.63010752688172,,461,59,2461,699,293,36,2,19,7,22
54,2021-01-07,44,Meurthe-et-Moselle,Grand Est,0.645161290322581,,464,62,2481,705,300,24,7,19,6,23
54,2021-01-08,44,Meurthe-et-Moselle,Grand Est,0.662365591397849,,467,63,2489,708,308,15,2,8,3,26
54,2021-01-09,44,Meurthe-et-Moselle,Grand Est,0.643010752688172,1.06,458,60,2512,714,299,19,3,22,6,13
54,2021-01-10,44,Meurthe-et-Moselle,Grand Est,0.668817204301075,,464,61,2515,717,311,13,3,4,3,19
54,2021-01-11,44,Meurthe-et-Moselle,Grand Est,0.683870967741935,,467,60,2521,723,318,16,2,6,6,25
54,2021-01-12,44,Meurthe-et-Moselle,Grand Est,0.675268817204301,,450,59,2539,737,314,14,5,18,14,32
54,2021-01-13,44,Meurthe-et-Moselle,Grand Est,0.686021505376344,,456,60,2562,739,319,32,2,21,2,22
54,2021-01-14,44,Meurthe-et-Moselle,Grand Est,0.686021505376344,,456,63,2579,743,319,22,5,18,4,21
54,2021-01-15,44,Meurthe-et-Moselle,Grand Est,0.686021505376344,,453,64,2601,750,319,30,6,24,7,33
54,2021-01-16,44,Meurthe-et-Moselle,Grand Est,0.675268817204301,0.93,456,60,2615,753,314,22,2,15,3,19
54,2021-01-17,44,Meurthe-et-Moselle,Grand Est,0.698924731182796,,467,66,2628,757,325,26,9,13,4,22
54,2021-01-18,44,Meurthe-et-Moselle,Grand Est,0.690322580645161,,488,65,2631,760,321,27,1,4,3,29
54,2021-01-19,44,Meurthe-et-Moselle,Grand Est,0.67741935483871,,488,67,2657,763,315,30,5,26,3,31
54,2021-01-20,44,Meurthe-et-Moselle,Grand Est,0.683870967741935,,481,62,2682,769,318,26,3,24,6,30
54,2021-01-21,44,Meurthe-et-Moselle,Grand Est,0.690322580645161,,465,66,2725,779,321,42,5,46,10,26
54,2021-01-22,44,Meurthe-et-Moselle,Grand Est,0.681720430107527,,456,64,2747,785,317,23,4,21,6,22
54,2021-01-23,44,Meurthe-et-Moselle,Grand Est,0.670967741935484,1.05,445,63,2774,791,312,25,3,27,6,15
54,2021-01-24,44,Meurthe-et-Moselle,Grand Est,0.696774193548387,,441,59,2782,801,324,13,2,8,10,29
54,2021-01-25,44,Meurthe-et-Moselle,Grand Est,0.716129032258065,,446,62,2787,809,333,21,6,5,8,23
54,2021-01-26,44,Meurthe-et-Moselle,Grand Est,0.701075268817204,,441,62,2810,811,326,18,4,23,2,19
54,2021-01-27,44,Meurthe-et-Moselle,Grand Est,0.711827956989247,,433,59,2831,817,331,23,3,21,6,34
54,2021-01-28,44,Meurthe-et-Moselle,Grand Est,0.694623655913978,,430,56,2846,822,323,15,1,17,5,24
54,2021-01-29,44,Meurthe-et-Moselle,Grand Est,0.694623655913978,,418,53,2865,830,323,15,3,19,8,21
54,2021-01-30,44,Meurthe-et-Moselle,Grand Est,0.701075268817204,1.02,409,54,2887,836,326,19,4,22,6,24
54,2021-01-31,44,Meurthe-et-Moselle,Grand Est,0.709677419354839,,421,55,2887,839,330,15,3,2,3,24
54,2021-02-01,44,Meurthe-et-Moselle,Grand Est,0.726881720430108,,417,55,2901,843,338,14,1,14,4,23
54,2021-02-02,44,Meurthe-et-Moselle,Grand Est,0.739784946236559,,399,55,2930,849,344,16,3,30,6,34
54,2021-02-03,44,Meurthe-et-Moselle,Grand Est,0.718279569892473,,398,51,2950,851,334,22,3,21,2,21
54,2021-02-04,44,Meurthe-et-Moselle,Grand Est,0.69247311827957,,368,49,2987,858,322,15,6,37,7,19
54,2021-02-05,44,Meurthe-et-Moselle,Grand Est,0.688172043010753,,358,45,3014,861,320,20,0,29,3,23
54,2021-02-06,44,Meurthe-et-Moselle,Grand Est,0.683870967741935,0.95,343,42,3028,865,318,5,1,14,4,16
54,2021-02-07,44,Meurthe-et-Moselle,Grand Est,0.688172043010753,,347,42,3034,867,320,14,1,7,2,15
54,2021-02-08,44,Meurthe-et-Moselle,Grand Est,0.703225806451613,,347,45,3046,869,327,14,3,11,2,28
54,2021-02-09,44,Meurthe-et-Moselle,Grand Est,0.701075268817204,,338,47,3064,870,326,12,5,17,1,26
54,2021-02-10,44,Meurthe-et-Moselle,Grand Est,0.681720430107527,,337,43,3076,871,317,13,2,13,1,21
54,2021-02-11,44,Meurthe-et-Moselle,Grand Est,0.658064516129032,,321,43,3106,879,306,21,5,30,8,21
54,2021-02-12,44,Meurthe-et-Moselle,Grand Est,0.649462365591398,,306,44,3132,888,302,21,4,35,9,23
54,2021-02-13,44,Meurthe-et-Moselle,Grand Est,0.653763440860215,0.89,303,49,3142,890,304,9,5,10,2,19
54,2021-02-14,44,Meurthe-et-Moselle,Grand Est,0.655913978494624,,302,50,3147,896,305,10,4,5,6,12
54,2021-02-15,44,Meurthe-et-Moselle,Grand Est,0.640860215053763,,305,49,3154,898,298,15,1,7,2,16
54,2021-02-16,44,Meurthe-et-Moselle,Grand Est,0.662365591397849,,301,51,3167,901,308,12,3,15,3,28
54,2021-02-17,44,Meurthe-et-Moselle,Grand Est,0.658064516129032,,304,48,3179,905,306,22,3,10,4,23
54,2021-02-18,44,Meurthe-et-Moselle,Grand Est,0.673118279569892,,295,48,3194,907,313,11,3,15,2,29
54,2021-02-19,44,Meurthe-et-Moselle,Grand Est,0.655913978494624,,289,50,3214,910,305,18,3,17,3,18
54,2021-02-20,44,Meurthe-et-Moselle,Grand Est,0.632258064516129,0.99,284,50,3222,912,294,5,5,8,2,9
54,2021-02-21,44,Meurthe-et-Moselle,Grand Est,0.627956989247312,,286,47,3227,916,292,11,1,5,4,8
54,2021-02-22,44,Meurthe-et-Moselle,Grand Est,0.627956989247312,,297,48,3231,918,292,16,1,5,2,27
54,2021-02-23,44,Meurthe-et-Moselle,Grand Est,0.63010752688172,,286,50,3254,921,293,14,5,22,3,29
54,2021-02-24,44,Meurthe-et-Moselle,Grand Est,0.627956989247312,,288,50,3262,923,292,13,3,7,2,17
54,2021-02-25,44,Meurthe-et-Moselle,Grand Est,0.666666666666667,,283,54,3270,925,310,6,4,9,2,37
54,2021-02-26,44,Meurthe-et-Moselle,Grand Est,0.643010752688172,,292,53,3278,926,299,19,3,9,1,19
54,2021-02-27,44,Meurthe-et-Moselle,Grand Est,0.638709677419355,1.02,290,52,3292,927,297,12,1,14,1,17
54,2021-02-28,44,Meurthe-et-Moselle,Grand Est,0.647311827956989,,292,55,3299,931,301,13,8,7,4,21
54,2021-03-01,44,Meurthe-et-Moselle,Grand Est,0.658064516129032,,301,57,3306,935,306,22,5,7,4,24
54,2021-03-02,44,Meurthe-et-Moselle,Grand Est,0.634408602150538,,302,58,3325,937,295,21,4,19,2,39
54,2021-03-03,44,Meurthe-et-Moselle,Grand Est,0.617204301075269,,305,56,3340,941,287,22,0,15,4,8
54,2021-03-04,44,Meurthe-et-Moselle,Grand Est,0.643010752688172,,307,63,3350,944,299,14,7,10,3,27
54,2021-03-05,44,Meurthe-et-Moselle,Grand Est,0.645161290322581,,307,61,3362,948,300,17,2,11,4,14
54,2021-03-06,44,Meurthe-et-Moselle,Grand Est,0.638709677419355,1.03,309,60,3372,949,297,13,4,10,1,14
54,2021-03-07,44,Meurthe-et-Moselle,Grand Est,0.658064516129032,,302,61,3377,956,306,7,6,5,7,17
54,2021-03-08,44,Meurthe-et-Moselle,Grand Est,0.686021505376344,,313,64,3386,957,319,19,4,9,1,28
54,2021-03-09,44,Meurthe-et-Moselle,Grand Est,0.675268817204301,,313,69,3406,961,314,22,7,19,4,25
54,2021-03-10,44,Meurthe-et-Moselle,Grand Est,0.662365591397849,,312,68,3415,965,308,10,1,10,4,14
54,2021-03-11,44,Meurthe-et-Moselle,Grand Est,0.698924731182796,,295,67,3441,972,325,17,7,27,7,35
54,2021-03-12,44,Meurthe-et-Moselle,Grand Est,0.70752688172043,,298,66,3451,973,329,12,3,9,1,33
54,2021-03-13,44,Meurthe-et-Moselle,Grand Est,0.726881720430108,1.12,300,71,3460,978,338,17,6,9,5,20
54,2021-03-14,44,Meurthe-et-Moselle,Grand Est,0.741935483870968,,313,73,3466,980,345,22,4,7,2,23
54,2021-03-15,44,Meurthe-et-Moselle,Grand Est,0.767741935483871,,329,75,3469,981,357,21,3,3,1,30
54,2021-03-16,44,Meurthe-et-Moselle,Grand Est,0.772043010752688,,327,73,3486,986,359,19,6,18,5,29
54,2021-03-17,44,Meurthe-et-Moselle,Grand Est,0.789247311827957,,345,75,3501,988,367,37,7,15,2,33
54,2021-03-18,44,Meurthe-et-Moselle,Grand Est,0.791397849462366,,345,78,3518,991,368,21,8,17,3,35
54,2021-03-19,44,Meurthe-et-Moselle,Grand Est,0.825806451612903,,356,88,3532,994,384,25,14,15,3,48
54,2021-03-20,44,Meurthe-et-Moselle,Grand Est,0.843010752688172,1.15,363,85,3541,999,392,21,3,9,5,23
54,2021-03-21,44,Meurthe-et-Moselle,Grand Est,0.838709677419355,,374,83,3546,1002,390,19,1,5,3,13
54,2021-03-22,44,Meurthe-et-Moselle,Grand Est,0.875268817204301,,379,86,3550,1005,407,14,5,4,3,39
54,2021-03-23,44,Meurthe-et-Moselle,Grand Est,0.862365591397849,,370,83,3567,1009,401,15,2,16,4,28
54,2021-03-24,44,Meurthe-et-Moselle,Grand Est,0.873118279569893,,364,79,3585,1014,406,18,2,18,5,26
54,2021-03-25,44,Meurthe-et-Moselle,Grand Est,0.896774193548387,,362,85,3604,1019,417,26,10,19,6,38
54,2021-03-26,44,Meurthe-et-Moselle,Grand Est,0.90752688172043,,372,87,3613,1022,422,23,5,9,3,44
54,2021-03-27,44,Meurthe-et-Moselle,Grand Est,0.920430107526882,1.16,371,92,3633,1028,428,23,7,20,6,23
54,2021-03-28,44,Meurthe-et-Moselle,Grand Est,0.944086021505376,,394,96,3639,1029,439,30,5,6,1,24
54,2021-03-29,44,Meurthe-et-Moselle,Grand Est,0.963440860215054,,402,97,3651,1033,448,29,5,12,4,38
54,2021-03-30,44,Meurthe-et-Moselle,Grand Est,0.959139784946237,,402,97,3670,1036,446,21,7,18,3,41
54,2021-03-31,44,Meurthe-et-Moselle,Grand Est,0.965591397849462,,407,98,3693,1040,449,35,6,23,4,39
54,2021-04-01,44,Meurthe-et-Moselle,Grand Est,0.965591397849462,,399,100,3712,1045,449,17,7,19,5,44
54,2021-04-02,44,Meurthe-et-Moselle,Grand Est,0.965591397849462,,411,103,3729,1046,449,29,11,17,1,26
54,2021-04-03,44,Meurthe-et-Moselle,Grand Est,0.974193548387097,1.08,403,104,3752,1051,453,17,7,24,5,26
54,2021-04-04,44,Meurthe-et-Moselle,Grand Est,0.974193548387097,,397,97,3768,1055,453,15,0,16,4,19
54,2021-04-05,44,Meurthe-et-Moselle,Grand Est,1.00430107526882,,420,101,3776,1059,467,34,5,8,4,28
54,2021-04-06,44,Meurthe-et-Moselle,Grand Est,1.03870967741935,,434,97,3779,1062,483,25,4,7,3,49
54,2021-04-07,44,Meurthe-et-Moselle,Grand Est,1.04301075268817,,448,109,3799,1066,485,35,15,20,4,54
54,2021-04-08,44,Meurthe-et-Moselle,Grand Est,1.02795698924731,,444,105,3835,1068,478,34,9,35,2,41
54,2021-04-09,44,Meurthe-et-Moselle,Grand Est,1.02150537634409,,427,104,3861,1074,475,18,3,26,6,30
54,2021-04-10,44,Meurthe-et-Moselle,Grand Est,1.04731182795699,1.05,420,106,3881,1075,487,15,5,20,1,31
54,2021-04-11,44,Meurthe-et-Moselle,Grand Est,1.03225806451613,,412,106,3898,1078,480,13,4,16,3,23
54,2021-04-12,44,Meurthe-et-Moselle,Grand Est,1.07096774193548,,429,113,3906,1085,498,29,8,8,7,40
54,2021-04-13,44,Meurthe-et-Moselle,Grand Est,1.11827956989247,,430,116,3933,1089,520,34,9,27,4,56
54,2021-04-14,44,Meurthe-et-Moselle,Grand Est,1.08387096774194,,430,118,3956,1093,504,25,7,23,4,32
54,2021-04-15,44,Meurthe-et-Moselle,Grand Est,1.07956989247312,,420,111,3977,1100,502,21,6,22,7,36
54,2021-04-16,44,Meurthe-et-Moselle,Grand Est,1.06021505376344,,409,106,3996,1102,493,14,5,20,2,34
54,2021-04-17,44,Meurthe-et-Moselle,Grand Est,1.05161290322581,0.98,391,102,4025,1105,489,17,5,29,3,27
54,2021-04-18,44,Meurthe-et-Moselle,Grand Est,1.06021505376344,,390,101,4026,1106,493,2,1,1,1,18
54,2021-04-19,44,Meurthe-et-Moselle,Grand Est,1.0989247311828,,395,105,4035,1114,511,21,8,10,8,56
54,2021-04-20,44,Meurthe-et-Moselle,Grand Est,1.07311827956989,,397,97,4061,1118,499,34,6,26,4,44
54,2021-04-21,44,Meurthe-et-Moselle,Grand Est,1.08172043010753,,396,98,4076,1121,503,19,2,16,3,30
54,2021-04-22,44,Meurthe-et-Moselle,Grand Est,1.09032258064516,,397,96,4095,1123,507,22,5,19,2,31
54,2021-04-23,44,Meurthe-et-Moselle,Grand Est,1.05591397849462,,395,94,4119,1126,491,24,8,24,3,28
54,2021-04-24,44,Meurthe-et-Moselle,Grand Est,1.06021505376344,0.89,391,99,4131,1127,493,9,7,12,1,27
54,2021-04-25,44,Meurthe-et-Moselle,Grand Est,1.06881720430108,,389,100,4142,1127,497,8,1,11,0,11
54,2021-04-26,44,Meurthe-et-Moselle,Grand Est,1.08817204301075,,374,105,4167,1135,506,16,8,25,8,39
54,2021-04-27,44,Meurthe-et-Moselle,Grand Est,1.04516129032258,,370,104,4194,1138,486,27,10,28,3,34
54,2021-04-28,44,Meurthe-et-Moselle,Grand Est,1.05806451612903,,371,104,4204,1138,492,12,3,10,0,23
54,2021-04-29,44,Meurthe-et-Moselle,Grand Est,1.0752688172043,,372,105,4228,1144,500,34,14,27,6,44
54,2021-04-30,44,Meurthe-et-Moselle,Grand Est,1.04086021505376,,368,101,4241,1148,484,16,5,13,4,23
54,2021-05-01,44,Meurthe-et-Moselle,Grand Est,1.01075268817204,0.78,352,96,4263,1151,470,10,0,22,3,12
54,2021-05-02,44,Meurthe-et-Moselle,Grand Est,1.01075268817204,,345,97,4274,1153,470,9,3,11,2,15
54,2021-05-03,44,Meurthe-et-Moselle,Grand Est,1.02365591397849,,365,107,4278,1153,476,20,10,5,0,29
54,2021-05-04,44,Meurthe-et-Moselle,Grand Est,1.00430107526882,,357,106,4295,1154,467,13,4,16,1,25
54,2021-05-05,44,Meurthe-et-Moselle,Grand Est,1.00430107526882,,346,106,4320,1158,467,16,7,25,4,28
54,2021-05-06,44,Meurthe-et-Moselle,Grand Est,0.987096774193548,,336,104,4341,1159,459,13,5,21,1,23
54,2021-05-07,44,Meurthe-et-Moselle,Grand Est,0.937634408602151,,332,102,4353,1162,436,12,5,12,3,18
54,2021-05-08,44,Meurthe-et-Moselle,Grand Est,0.92258064516129,0.73,322,99,4363,1163,429,6,3,10,1,8
54,2021-05-09,44,Meurthe-et-Moselle,Grand Est,0.894623655913979,,321,98,4366,1165,416,6,2,3,2,15
54,2021-05-10,44,Meurthe-et-Moselle,Grand Est,0.866666666666667,,323,100,4382,1167,403,20,4,16,2,16
54,2021-05-11,44,Meurthe-et-Moselle,Grand Est,0.836559139784946,,309,93,4406,1170,389,15,5,23,3,17
54,2021-05-12,44,Meurthe-et-Moselle,Grand Est,0.802150537634409,,299,90,4417,1173,373,8,3,11,4,17
54,2021-05-13,44,Meurthe-et-Moselle,Grand Est,0.76989247311828,,293,87,4427,1175,358,7,1,10,2,11
54,2021-05-14,44,Meurthe-et-Moselle,Grand Est,0.765591397849462,,290,86,4444,1177,356,17,1,16,2,11
54,2021-05-15,44,Meurthe-et-Moselle,Grand Est,0.741935483870968,0.81,276,82,4458,1179,345,2,1,15,2,4
54,2021-05-16,44,Meurthe-et-Moselle,Grand Est,0.735483870967742,,272,82,4463,1180,342,2,0,4,1,6
54,2021-05-17,44,Meurthe-et-Moselle,Grand Est,0.711827956989247,,274,79,4471,1182,331,12,3,8,2,15
54,2021-05-18,44,Meurthe-et-Moselle,Grand Est,0.688172043010753,,265,80,4488,1182,320,10,1,17,0,11
54,2021-05-19,44,Meurthe-et-Moselle,Grand Est,0.651612903225806,,257,76,4497,1186,303,5,4,9,4,12
54,2021-05-20,44,Meurthe-et-Moselle,Grand Est,0.627956989247312,,250,72,4509,1187,292,7,1,12,1,9
54,2021-05-21,44,Meurthe-et-Moselle,Grand Est,0.591397849462366,,245,68,4518,1187,275,5,2,9,0,10
54,2021-05-22,44,Meurthe-et-Moselle,Grand Est,0.580645161290323,0.89,231,62,4529,1188,270,0,0,11,1,6
54,2021-05-23,44,Meurthe-et-Moselle,Grand Est,0.546236559139785,,226,62,4534,1188,254,0,0,5,0,0
54,2021-05-24,44,Meurthe-et-Moselle,Grand Est,0.544086021505376,,225,59,4537,1189,253,3,0,3,1,6
54,2021-05-25,44,Meurthe-et-Moselle,Grand Est,0.529032258064516,,226,60,4545,1191,246,10,4,8,2,14
54,2021-05-26,44,Meurthe-et-Moselle,Grand Est,0.511827956989247,,213,55,4555,1194,238,3,1,10,3,9
54,2021-05-27,44,Meurthe-et-Moselle,Grand Est,0.501075268817204,,205,53,4564,1198,233,5,2,9,4,7
54,2021-05-28,44,Meurthe-et-Moselle,Grand Est,0.486021505376344,,204,50,4567,1199,226,3,0,3,1,10
54,2021-05-29,44,Meurthe-et-Moselle,Grand Est,0.468817204301075,0.86,200,47,4570,1200,218,1,0,3,1,1
54,2021-05-30,44,Meurthe-et-Moselle,Grand Est,0.462365591397849,,199,46,4574,1200,215,3,1,4,0,3
54,2021-05-31,44,Meurthe-et-Moselle,Grand Est,0.449462365591398,,196,46,4578,1201,209,2,0,4,1,4
54,2021-06-01,44,Meurthe-et-Moselle,Grand Est,0.440860215053763,,196,45,4584,1203,205,9,0,6,2,10
54,2021-06-02,44,Meurthe-et-Moselle,Grand Est,0.434408602150538,,189,45,4594,1203,202,4,2,10,0,6
54,2021-06-03,44,Meurthe-et-Moselle,Grand Est,0.412903225806452,,181,43,4600,1206,192,4,1,7,3,2
54,2021-06-04,44,Meurthe-et-Moselle,Grand Est,0.395698924731183,,178,41,4604,1207,184,2,1,4,1,7
54,2021-06-05,44,Meurthe-et-Moselle,Grand Est,0.38494623655914,0.78,176,39,4607,1207,179,1,1,3,0,9
54,2021-06-06,44,Meurthe-et-Moselle,Grand Est,0.382795698924731,,175,36,4609,1207,178,1,0,2,0,2
54,2021-06-07,44,Meurthe-et-Moselle,Grand Est,0.389247311827957,,174,38,4614,1207,181,7,1,6,0,10
54,2021-06-08,44,Meurthe-et-Moselle,Grand Est,0.382795698924731,,165,36,4622,1207,178,2,0,8,0,12
54,2021-06-09,44,Meurthe-et-Moselle,Grand Est,0.372043010752688,,167,35,4625,1208,173,6,1,3,1,6
54,2021-06-10,44,Meurthe-et-Moselle,Grand Est,0.356989247311828,,166,33,4627,1208,166,1,0,2,0,5
54,2021-06-11,44,Meurthe-et-Moselle,Grand Est,0.335483870967742,,167,28,4628,1209,156,5,1,1,1,5
54,2021-06-12,44,Meurthe-et-Moselle,Grand Est,0.324731182795699,0.58,167,29,4633,1209,151,4,0,5,0,1
54,2021-06-13,44,Meurthe-et-Moselle,Grand Est,0.324731182795699,,165,31,4635,1209,151,0,0,2,0,0
54,2021-06-14,44,Meurthe-et-Moselle,Grand Est,0.326881720430108,,167,31,4636,1210,152,5,0,1,1,5
54,2021-06-15,44,Meurthe-et-Moselle,Grand Est,0.309677419354839,,155,26,4649,1210,144,2,0,12,0,4
54,2021-06-16,44,Meurthe-et-Moselle,Grand Est,0.288172043010753,,150,22,4654,1211,134,3,0,4,1,0
54,2021-06-17,44,Meurthe-et-Moselle,Grand Est,0.286021505376344,,145,22,4659,1211,133,1,1,5,0,6
54,2021-06-18,44,Meurthe-et-Moselle,Grand Est,0.279569892473118,,144,23,4660,1211,130,0,0,1,0,3
54,2021-06-19,44,Meurthe-et-Moselle,Grand Est,0.273118279569892,0.55,140,21,4664,1211,127,1,0,4,0,2
54,2021-06-20,44,Meurthe-et-Moselle,Grand Est,0.268817204301075,,138,20,4667,1211,125,1,0,3,0,1
54,2021-06-21,44,Meurthe-et-Moselle,Grand Est,0.253763440860215,,132,19,4674,1212,118,2,0,7,1,2
54,2021-06-22,44,Meurthe-et-Moselle,Grand Est,0.245161290322581,,129,19,4676,1213,114,1,0,2,1,2
54,2021-06-23,44,Meurthe-et-Moselle,Grand Est,0.245161290322581,,129,19,4678,1213,114,2,0,2,0,1
54,2021-06-24,44,Meurthe-et-Moselle,Grand Est,0.234408602150538,,128,18,4679,1214,109,1,0,1,1,0
54,2021-06-25,44,Meurthe-et-Moselle,Grand Est,0.227956989247312,,128,19,4681,1214,106,2,1,2,0,3
54,2021-06-26,44,Meurthe-et-Moselle,Grand Est,0.217204301075269,0.62,125,19,4685,1214,101,1,0,4,0,0
54,2021-06-27,44,Meurthe-et-Moselle,Grand Est,0.212903225806452,,125,18,4685,1214,99,0,0,0,0,0
54,2021-06-28,44,Meurthe-et-Moselle,Grand Est,0.202150537634409,,124,18,4686,1214,94,0,0,1,0,2
54,2021-06-29,44,Meurthe-et-Moselle,Grand Est,0.193548387096774,,123,16,4688,1214,90,1,0,2,0,0
54,2021-06-30,44,Meurthe-et-Moselle,Grand Est,0.176344086021505,,120,15,4691,1214,82,0,0,2,0,2
54,2021-07-01,44,Meurthe-et-Moselle,Grand Est,0.165591397849462,,118,15,4693,1214,77,0,0,2,0,0
54,2021-07-02,44,Meurthe-et-Moselle,Grand Est,0.144086021505376,,116,14,4695,1214,67,1,0,2,0,1
54,2021-07-03,44,Meurthe-et-Moselle,Grand Est,0.141935483870968,0.92,113,14,4698,1214,66,0,0,3,0,0
54,2021-07-04,44,Meurthe-et-Moselle,Grand Est,0.137634408602151,,113,14,4698,1214,64,0,0,0,0,0
54,2021-07-05,44,Meurthe-et-Moselle,Grand Est,0.135483870967742,,112,14,4700,1214,63,1,0,2,0,2
54,2021-07-06,44,Meurthe-et-Moselle,Grand Est,0.129032258064516,,114,14,4702,1214,60,4,0,2,0,1
54,2021-07-07,44,Meurthe-et-Moselle,Grand Est,0.116129032258065,,114,14,4702,1214,54,0,0,0,0,1
54,2021-07-08,44,Meurthe-et-Moselle,Grand Est,0.118279569892473,,112,14,4704,1214,55,0,0,2,0,1
54,2021-07-09,44,Meurthe-et-Moselle,Grand Est,0.109677419354839,,112,14,4705,1214,51,1,0,1,0,0
54,2021-07-10,44,Meurthe-et-Moselle,Grand Est,0.109677419354839,1.45,112,14,4705,1214,51,0,0,0,0,0
54,2021-07-11,44,Meurthe-et-Moselle,Grand Est,0.109677419354839,,112,14,4705,1214,51,0,0,0,0,0
54,2021-07-12,44,Meurthe-et-Moselle,Grand Est,0.0989247311827957,,110,12,4708,1214,46,1,0,3,0,0
54,2021-07-13,44,Meurthe-et-Moselle,Grand Est,0.0924731182795699,,110,12,4709,1214,43,1,0,1,0,2
54,2021-07-14,44,Meurthe-et-Moselle,Grand Est,0.0903225806451613,,110,12,4709,1214,42,0,0,0,0,0
54,2021-07-15,44,Meurthe-et-Moselle,Grand Est,0.0795698924731183,,111,11,4712,1214,37,3,0,3,0,0
54,2021-07-16,44,Meurthe-et-Moselle,Grand Est,0.0860215053763441,,109,11,4714,1214,40,0,0,2,0,4
54,2021-07-17,44,Meurthe-et-Moselle,Grand Est,0.0860215053763441,1.78,109,11,4714,1214,40,0,0,0,0,1
54,2021-07-18,44,Meurthe-et-Moselle,Grand Est,0.0860215053763441,,109,11,4714,1214,40,0,0,0,0,0
54,2021-07-19,44,Meurthe-et-Moselle,Grand Est,0.0860215053763441,,106,11,4718,1214,40,1,0,4,0,2
54,2021-07-20,44,Meurthe-et-Moselle,Grand Est,0.0774193548387097,,106,12,4718,1214,36,1,1,0,0,1
54,2021-07-21,44,Meurthe-et-Moselle,Grand Est,0.0817204301075269,,104,12,4720,1214,38,0,0,2,0,3
54,2021-07-22,44,Meurthe-et-Moselle,Grand Est,0.0817204301075269,,104,12,4720,1214,38,0,0,0,0,0
54,2021-07-23,44,Meurthe-et-Moselle,Grand Est,0.0817204301075269,,103,13,4722,1214,38,1,1,2,0,2
54,2021-07-24,44,Meurthe-et-Moselle,Grand Est,0.0817204301075269,1.89,103,13,4722,1214,38,0,0,0,0,0
54,2021-07-25,44,Meurthe-et-Moselle,Grand Est,0.0817204301075269,,103,13,4722,1214,38,0,0,0,0,0
54,2021-07-26,44,Meurthe-et-Moselle,Grand Est,0.0903225806451613,,103,13,4724,1214,42,2,0,2,0,5
54,2021-07-27,44,Meurthe-et-Moselle,Grand Est,0.10752688172043,,107,13,4724,1214,50,4,0,0,0,12
54,2021-07-28,44,Meurthe-et-Moselle,Grand Est,0.103225806451613,,102,13,4727,1214,48,0,1,3,0,5
54,2021-07-29,44,Meurthe-et-Moselle,Grand Est,0.105376344086022,,100,12,4730,1214,49,2,1,3,0,5
54,2021-07-30,44,Meurthe-et-Moselle,Grand Est,0.120430107526882,,103,14,4730,1214,56,4,2,1,0,9
54,2021-07-31,44,Meurthe-et-Moselle,Grand Est,0.12258064516129,1.32,104,13,4730,1214,57,1,0,0,0,3
54,2021-08-01,44,Meurthe-et-Moselle,Grand Est,0.133333333333333,,105,14,4730,1214,62,1,1,0,0,4
54,2021-08-02,44,Meurthe-et-Moselle,Grand Est,0.139784946236559,,113,15,4730,1214,65,8,1,0,0,4
54,2021-08-03,44,Meurthe-et-Moselle,Grand Est,0.137634408602151,,100,16,4736,1214,64,2,3,15,0,7
54,2021-08-04,44,Meurthe-et-Moselle,Grand Est,0.135483870967742,,99,15,4736,1214,63,1,0,2,0,4
54,2021-08-05,44,Meurthe-et-Moselle,Grand Est,0.139784946236559,,95,17,4743,1214,65,3,2,7,0,4
54,2021-08-06,44,Meurthe-et-Moselle,Grand Est,0.141935483870968,,83,15,4757,1214,66,2,1,14,0,8
54,2021-08-07,44,Meurthe-et-Moselle,Grand Est,0.144086021505376,1.08,85,15,4758,1214,67,3,1,1,0,5
54,2021-08-08,44,Meurthe-et-Moselle,Grand Est,0.161290322580645,,87,16,4759,1214,75,3,2,1,0,11
54,2021-08-09,44,Meurthe-et-Moselle,Grand Est,0.163440860215054,,93,17,4759,1214,76,6,2,0,0,8
54,2021-08-10,44,Meurthe-et-Moselle,Grand Est,0.165591397849462,,96,16,4762,1214,77,6,0,3,0,8
54,2021-08-11,44,Meurthe-et-Moselle,Grand Est,0.178494623655914,,93,15,4768,1214,83,3,1,6,0,11
54,2021-08-12,44,Meurthe-et-Moselle,Grand Est,0.191397849462366,,90,15,4772,1214,89,2,1,4,0,8
54,2021-08-13,44,Meurthe-et-Moselle,Grand Est,0.189247311827957,,88,13,4775,1215,88,3,0,3,1,5
54,2021-08-14,44,Meurthe-et-Moselle,Grand Est,0.187096774193548,1.12,86,13,4777,1216,87,1,1,2,1,2
54,2021-08-15,44,Meurthe-et-Moselle,Grand Est,0.182795698924731,,87,12,4777,1216,85,1,1,0,0,4
54,2021-08-16,44,Meurthe-et-Moselle,Grand Est,0.178494623655914,,84,12,4780,1218,83,2,1,3,2,7
54,2021-08-17,44,Meurthe-et-Moselle,Grand Est,0.172043010752688,,86,11,4783,1218,80,5,0,3,0,6
54,2021-08-18,44,Meurthe-et-Moselle,Grand Est,0.161290322580645,,92,10,4781,1218,75,5,1,0,0,7
54,2021-08-19,44,Meurthe-et-Moselle,Grand Est,0.161290322580645,,86,10,4788,1219,75,2,0,8,1,4
54,2021-08-20,44,Meurthe-et-Moselle,Grand Est,0.167741935483871,,94,14,4790,1219,78,10,2,2,0,6
54,2021-08-21,44,Meurthe-et-Moselle,Grand Est,0.165591397849462,0.99,91,12,4793,1219,77,1,0,3,0,7
54,2021-08-22,44,Meurthe-et-Moselle,Grand Est,0.165591397849462,,88,12,4795,1220,77,0,1,2,1,4
54,2021-08-23,44,Meurthe-et-Moselle,Grand Est,0.176344086021505,,91,13,4795,1221,82,4,1,0,1,7
54,2021-08-24,44,Meurthe-et-Moselle,Grand Est,0.195698924731183,,90,12,4798,1221,91,2,0,3,0,15
54,2021-08-25,44,Meurthe-et-Moselle,Grand Est,0.202150537634409,,89,13,4801,1221,94,3,1,3,0,10
54,2021-08-26,44,Meurthe-et-Moselle,Grand Est,0.208602150537634,,95,15,4803,1221,97,8,3,2,0,10
54,2021-08-27,44,Meurthe-et-Moselle,Grand Est,0.2,,95,15,4806,1221,93,3,2,3,0,5
54,2021-08-28,44,Meurthe-et-Moselle,Grand Est,0.208602150537634,0.91,94,15,4809,1221,97,2,0,3,0,7
54,2021-08-29,44,Meurthe-et-Moselle,Grand Est,0.212903225806452,,96,16,4809,1221,99,2,1,0,0,5
54,2021-08-30,44,Meurthe-et-Moselle,Grand Est,0.221505376344086,,99,16,4810,1221,103,4,0,1,0,10
54,2021-08-31,44,Meurthe-et-Moselle,Grand Est,0.236559139784946,,95,15,4813,1223,110,3,0,3,2,13
54,2021-09-01,44,Meurthe-et-Moselle,Grand Est,0.251612903225806,,91,16,4819,1223,117,2,2,5,0,17
54,2021-09-02,44,Meurthe-et-Moselle,Grand Est,0.234408602150538,,90,16,4821,1225,109,3,0,2,2,2
54,2021-09-03,44,Meurthe-et-Moselle,Grand Est,0.212903225806452,,93,15,4822,1225,99,4,1,1,0,5
54,2021-09-04,44,Meurthe-et-Moselle,Grand Est,0.210752688172043,0.91,96,15,4823,1225,98,4,0,2,0,7
54,2021-09-05,44,Meurthe-et-Moselle,Grand Est,0.212903225806452,,95,15,4825,1225,99,1,0,2,0,4
54,2021-09-06,44,Meurthe-et-Moselle,Grand Est,0.219354838709677,,96,16,4826,1225,102,2,1,1,0,14
54,2021-09-07,44,Meurthe-et-Moselle,Grand Est,0.221505376344086,,96,18,4827,1226,103,1,0,1,1,5
54,2021-09-08,44,Meurthe-et-Moselle,Grand Est,0.210752688172043,,98,17,4830,1227,98,6,1,3,1,7
54,2021-09-09,44,Meurthe-et-Moselle,Grand Est,0.210752688172043,,98,15,4832,1227,98,2,0,2,0,4
54,2021-09-10,44,Meurthe-et-Moselle,Grand Est,0.2,,96,15,4835,1227,93,2,1,2,0,5
54,2021-09-11,44,Meurthe-et-Moselle,Grand Est,0.2,0.82,94,15,4839,1227,93,2,0,4,0,5
54,2021-09-12,44,Meurthe-et-Moselle,Grand Est,0.202150537634409,,92,14,4841,1228,94,1,0,2,1,3
54,2021-09-13,44,Meurthe-et-Moselle,Grand Est,0.210752688172043,,95,14,4841,1228,98,4,2,0,0,10
54,2021-09-14,44,Meurthe-et-Moselle,Grand Est,0.221505376344086,,91,14,4846,1228,103,1,0,5,0,14
54,2021-09-15,44,Meurthe-et-Moselle,Grand Est,0.223655913978495,,97,14,4849,1229,104,11,1,3,1,9
54,2021-09-16,44,Meurthe-et-Moselle,Grand Est,0.225806451612903,,99,14,4849,1229,105,2,0,1,0,5
54,2021-09-17,44,Meurthe-et-Moselle,Grand Est,0.223655913978495,,98,15,4854,1229,104,5,1,5,0,7
54,2021-09-18,44,Meurthe-et-Moselle,Grand Est,0.212903225806452,0.77,95,14,4856,1230,99,0,0,2,1,3
54,2021-09-19,44,Meurthe-et-Moselle,Grand Est,0.217204301075269,,95,14,4856,1230,101,0,0,0,0,2
54,2021-09-20,44,Meurthe-et-Moselle,Grand Est,0.21505376344086,,93,14,4861,1229,100,3,1,6,0,9
54,2021-09-21,44,Meurthe-et-Moselle,Grand Est,0.210752688172043,,97,15,4861,1230,98,4,3,0,1,17
54,2021-09-22,44,Meurthe-et-Moselle,Grand Est,0.193548387096774,,95,13,4862,1231,90,2,0,1,1,0
54,2021-09-23,44,Meurthe-et-Moselle,Grand Est,0.18494623655914,,96,13,4863,1232,86,2,1,1,1,3
54,2021-09-24,44,Meurthe-et-Moselle,Grand Est,0.18494623655914,,88,12,4874,1232,86,3,1,11,0,9
54,2021-09-25,44,Meurthe-et-Moselle,Grand Est,0.182795698924731,0.71,90,13,4875,1232,85,4,2,1,0,3
54,2021-09-26,44,Meurthe-et-Moselle,Grand Est,0.180645161290323,,89,13,4877,1232,84,1,0,1,0,1
54,2021-09-27,44,Meurthe-et-Moselle,Grand Est,0.180645161290323,,89,13,4879,1232,84,2,0,2,0,4
54,2021-09-28,44,Meurthe-et-Moselle,Grand Est,0.176344086021505,,90,14,4880,1233,82,0,0,1,1,3
54,2021-09-29,44,Meurthe-et-Moselle,Grand Est,0.159139784946237,,87,12,4884,1233,74,1,1,4,0,3
54,2021-09-30,44,Meurthe-et-Moselle,Grand Est,0.148387096774194,,85,11,4885,1235,69,1,0,1,2,1
54,2021-10-01,44,Meurthe-et-Moselle,Grand Est,0.133333333333333,,86,10,4885,1235,62,2,0,0,0,1
