test_size,epochs,fake,r2,evs,mae,mse,time
0.05,1,1,-8.501072732314567,0.46895324419039175,3.284554090563595,11.426988190805702,0.5850536823272705
0.05,6,1,-0.14387237387907348,-0.016392062685327113,0.8136515824377117,1.3757410848617737,0.6241683959960938
0.05,11,1,-0.02747327549217382,-0.004765664442088369,0.913227194447809,1.2357473009847495,0.6846127510070801
0.05,16,1,0.237302504245682,0.34242300283240157,0.6852241065136294,0.9173001325944509,0.7990562915802002
0.05,21,1,0.32559373466137953,0.43822242005396816,0.6188968882452702,0.8111118235753596,1.1299140453338623
0.05,26,1,0.890203612259475,0.8925377273831168,0.2598504997132254,0.13205267041445531,0.9831221103668213
0.05,31,1,0.669439832751934,0.7286912442186461,0.44644694647543737,0.39756638370393926,1.0933747291564941
0.05,36,1,0.742407725442623,0.7451455071998306,0.39483656825754015,0.30980753040639625,1.29256010055542
0.05,41,1,0.8091576662592082,0.8265624072787505,0.35155617900328,0.22952703925155343,1.359833002090454
0.05,46,1,0.41736014330658255,0.48761485638237745,0.5718282099568932,0.7007439001371047,1.460524320602417
0.05,51,1,0.7680225362844437,0.7825621453070161,0.3955786548214958,0.27900046795715405,1.6108975410461426
0.05,56,1,0.8299989013832283,0.835603331969059,0.33387487504116015,0.20446118044236963,1.811765432357788
0.05,61,1,0.888927999363567,0.8916721871217058,0.2490667745910249,0.1335868564909393,1.8109371662139893
0.05,66,1,0.7763903520031613,0.7849339283816188,0.31646028049840746,0.26893645370375185,2.2400219440460205
0.05,71,1,0.8465533148907429,0.8538016089039233,0.32469908727722535,0.18455110365570335,2.003190517425537
0.05,76,1,0.5676223126619354,0.6417638266315997,0.4746557000920512,0.520022829672236,2.186859369277954
0.05,81,1,0.7357580269494617,0.7499830020338107,0.3181057841443355,0.3178051563897583,2.349419593811035
0.05,86,1,0.8607528037726602,0.8727236704681566,0.3163473329856165,0.16747330661734539,2.497035503387451
0.05,91,1,0.9212888807968979,0.9217295794514904,0.2319302754001996,0.09466626084861432,2.5744481086730957
0.05,96,1,0.8909252282290722,0.8934707973556155,0.273404251309175,0.1311847792409841,2.7302260398864746
0.05,101,1,0.9273657522295448,0.9277031282306349,0.21937146751923922,0.08735757686583381,2.657418966293335
0.05,106,1,0.9026876090078836,0.9053414041736292,0.21207760631511965,0.11703810443466511,3.020665168762207
0.05,111,1,0.9110732488834724,0.9134503768600706,0.2187324245144746,0.10695265297771585,3.2289044857025146
0.05,116,1,0.8769634091266889,0.8776599294112511,0.2838800049455635,0.14797672963438263,3.1708261966705322
0.05,121,1,0.7931158727492996,0.7994218884253823,0.31827895238029935,0.2488205853764668,3.1323626041412354
0.1,1,1,-1.0582814864291974,-0.5429625163260172,1.3326321804432697,3.021077766323269,0.43160367012023926
0.1,6,1,-0.013761107176292864,0.00027295685592509944,0.9310476330637515,1.4879651599873194,0.573143482208252
0.1,11,1,0.21498222554807989,0.2352251695246358,0.7761446898072326,1.1522232309826739,0.9520819187164307
0.1,16,1,0.1054406233782057,0.10574104051955335,0.859731815558661,1.3130047863650498,0.8140530586242676
0.1,21,1,0.45751358247111784,0.4702654428766331,0.6014549974385435,0.7962436942345026,0.8822681903839111
0.1,26,1,0.15065232540479812,0.1597623106932735,0.8160980121474581,1.2466445393965315,1.0099940299987793
0.1,31,1,0.2834537575995201,0.3131244194796817,0.7312898519412088,1.0517229716787029,1.138460397720337
0.1,36,1,0.7269929822073716,0.7272672626914338,0.4764566642076583,0.400710707909242,1.2051994800567627
0.1,41,1,0.8461474299712192,0.8462813789596918,0.3234888281452921,0.22581973440960257,1.34613037109375
0.1,46,1,0.8187166253050373,0.8191246862044363,0.3465603480877641,0.26608176593237864,1.4719672203063965
0.1,51,1,0.4574511438105321,0.4688799516242781,0.6259682069632382,0.7963353396437911,1.5292506217956543
0.1,56,1,0.8373908771255503,0.8395738757547501,0.3285623175026418,0.23867231423704832,1.7709038257598877
0.1,61,1,0.6060129195877305,0.6113683760811156,0.49393763680505065,0.5782812587587587,1.7835123538970947
0.1,66,1,0.8274658173564498,0.8288767580506098,0.3250954793263741,0.2532399900362792,1.8778293132781982
0.1,71,1,0.843601334147468,0.8483981110640465,0.3122559217124947,0.22955680999172207,2.0553925037384033
0.1,76,1,0.8428377393994585,0.8431000644996518,0.33223034193365314,0.23067758921016357,2.1601674556732178
0.1,81,1,0.7920026122933399,0.79482603314297,0.3906374061825366,0.30529171427570295,2.4096922874450684
0.1,86,1,0.8656334903410053,0.8690606692093831,0.27663729749162413,0.19721873686649083,2.3912079334259033
0.1,91,1,0.8797988804582101,0.8799217523346815,0.2664990356136258,0.17642724385810504,2.4559552669525146
0.1,96,1,0.8391750141478422,0.8397074640092382,0.30620989311270624,0.23605361668491165,2.6928980350494385
0.1,101,1,0.8678861554630235,0.8744029926524257,0.2929872264858692,0.19391234920281544,2.766085147857666
0.1,106,1,0.8012090376066867,0.801209432775323,0.35803875829846143,0.2917788264589253,2.9337973594665527
0.1,111,1,0.8479197027072358,0.8531383903423215,0.2801362209121721,0.22321845086605313,2.9179847240448
0.1,116,1,0.861154555229076,0.8620941479317941,0.2926551088627687,0.20379277028838635,3.3210208415985107
0.1,121,1,0.8740093270984468,0.8748973396189614,0.2678920445140145,0.18492495957261929,3.28273344039917
0.15000000000000002,1,1,-8.352161213366161,-2.3765380500271034,2.9172457412143062,11.509773491562896,0.4389309883117676
0.15000000000000002,6,1,0.09797022887744278,0.09827638869464206,0.8073510476670939,1.1101346642130931,0.5695364475250244
0.15000000000000002,11,1,0.22064688397096122,0.22248807605056153,0.7347434265662337,0.9591556037996591,0.6989405155181885
0.15000000000000002,16,1,0.1860139137410476,0.18602459975505092,0.7030893240593238,1.0017786546209646,0.7710611820220947
0.15000000000000002,21,1,0.6400762977141206,0.642673510123586,0.48133810907871727,0.44296074383689044,0.8863184452056885
0.15000000000000002,26,1,0.6451723969799286,0.6451727027781271,0.5048126819291965,0.43668893704252726,1.010009527206421
0.15000000000000002,31,1,0.6725900590688327,0.6773548130620566,0.48337542503536496,0.4029458189426722,1.1202912330627441
0.15000000000000002,36,1,0.5365768366218805,0.5405026214769644,0.5112848070297791,0.5703382907474336,1.4380857944488525
0.15000000000000002,41,1,0.4923074953788067,0.4989600773887025,0.5731722505970456,0.6248208941482668,1.4412343502044678
0.15000000000000002,46,1,0.7312432404918738,0.7315825133639922,0.41881412321436073,0.3307609177912771,1.474020004272461
0.15000000000000002,51,1,0.3171529453498526,0.386772167332908,0.7322793042132127,0.8403848852788537,1.6233415603637695
0.15000000000000002,56,1,0.7740818051319598,0.7756422273442698,0.3495141499996566,0.2780391816639766,1.7212061882019043
0.15000000000000002,61,1,0.8815120210397773,0.8815975442214412,0.26312233363824533,0.14582402593275712,1.763275146484375
0.15000000000000002,66,1,0.8507222726145538,0.8522401150707264,0.30594402984484936,0.18371719545276527,1.9673452377319336
0.15000000000000002,71,1,0.8590624085464466,0.8590881135993373,0.2800301204617138,0.17345292890785832,1.9873743057250977
0.15000000000000002,76,1,0.79278547412186,0.7938941479839086,0.33043557877883595,0.2550204388703593,2.243250608444214
0.15000000000000002,81,1,0.887122288070222,0.8871345183312102,0.24825170576838157,0.13891942909418767,2.42798113822937
0.15000000000000002,86,1,0.8048412880246009,0.8067426131881745,0.34381745932908253,0.24018326015720082,2.4529800415039062
0.15000000000000002,91,1,0.8352738582190314,0.8354552729245155,0.2976146383778849,0.20272967250909935,2.500906467437744
0.15000000000000002,96,1,0.5385079375713713,0.5458512477435289,0.4660136912407191,0.5679616706260638,2.672865629196167
0.15000000000000002,101,1,0.8022461852080834,0.8036660748145712,0.31739481462754754,0.24337707225303418,2.7322275638580322
0.15000000000000002,106,1,0.8572485066638598,0.8618388147556049,0.28678611547976124,0.1756853112768294,2.9075136184692383
0.15000000000000002,111,1,0.869108480447444,0.8691189461096873,0.25620753002006735,0.16108915443665056,3.0186779499053955
0.15000000000000002,116,1,0.8702181365548987,0.8708085768944751,0.27238987940525267,0.159723492515417,3.022848606109619
0.15000000000000002,121,1,0.8599886437848883,0.8600131177657049,0.26508144409382123,0.17231300439724023,3.301274538040161
0.2,1,1,-0.7409468959596366,-0.4102307090202473,1.1369295604928613,2.240382295694416,0.7214722633361816
0.2,6,1,0.12423236614854827,0.1634824066416508,0.7762409365127947,1.127004107119228,0.7266466617584229
0.2,11,1,0.28488199933375113,0.2849350808237052,0.7633772490915938,0.9202679942411045,0.6720454692840576
0.2,16,1,0.3088309540552159,0.3243077058783963,0.6420815047692074,0.889448665815362,0.8116984367370605
0.2,21,1,0.2689774222098338,0.27927217843708463,0.680345306227941,0.9407352084287547,1.011200189590454
0.2,26,1,0.3479515013061514,0.3515052179240059,0.6434724145549194,0.8391053832820016,1.0479133129119873
0.2,31,1,0.4785443243445786,0.4813259059582956,0.5780161142572707,0.67104864969693,1.1863574981689453
0.2,36,1,0.24409561839469573,0.2785351900381393,0.6338446270197575,0.9727549977065028,1.2199692726135254
0.2,41,1,0.3538887898435662,0.3864079512032549,0.5990842427537397,0.8314648308018978,1.3896338939666748
0.2,46,1,0.34466509818911806,0.3497754384450553,0.6806470704614926,0.8433345756697787,1.757669448852539
0.2,51,1,0.7017894827891165,0.707830256957205,0.41149801293116883,0.383759874985083,1.6491875648498535
0.2,56,1,0.2517173879938557,0.2798940695474341,0.7521941295811404,0.9629467274419421,1.785465955734253
0.2,61,1,0.3464133304916823,0.36029742479997595,0.6399466811798465,0.8410848179611915,1.9184744358062744
0.2,66,1,0.810489617058085,0.813287957016615,0.3352963307748191,0.24387631109178828,1.936748743057251
0.2,71,1,0.7145519199702386,0.731969814923054,0.4096466598262141,0.3673362044085388,2.3202309608459473
0.2,76,1,0.7715148751329948,0.7715159371881484,0.38892448718076883,0.29403196029101325,2.222426176071167
0.2,81,1,0.7267366851356067,0.7340321263569193,0.4169411522310913,0.3516559259250084,2.350294589996338
0.2,86,1,0.4682676765422408,0.47876261561585676,0.5493192712179301,0.684273418269066,2.3925795555114746
0.2,91,1,0.7083477242330256,0.7146761659624665,0.3811676358406438,0.3753202332843955,2.566002607345581
0.2,96,1,0.7743354669341683,0.7785354984526764,0.3420757167494345,0.29040220917718224,2.737668752670288
0.2,101,1,0.8366228675765925,0.836626783408543,0.29576266324094075,0.2102460654326647,2.781717300415039
0.2,106,1,0.777592871840568,0.7812417936979128,0.34516691460654236,0.28621033388268424,2.8988561630249023
0.2,111,1,0.8056020911110693,0.8113684823924486,0.3313265337589739,0.25016594957924204,3.1084978580474854
0.2,116,1,0.8566032680223022,0.8596630900466629,0.2760577379472224,0.18453377316037314,3.2040491104125977
0.2,121,1,0.8325988831351091,0.8343848383923885,0.29811682355827407,0.21542443332072128,3.314767837524414
0.25,1,1,-0.2053641457728459,-0.2035427559262406,0.857439329552339,1.378953122016125,0.4295375347137451
0.25,6,1,-0.12180493596144548,-0.08732770096431719,0.833743326982031,1.2833602394447319,0.5464718341827393
0.25,11,1,-0.12494354040205868,-0.11900683072445384,0.8667189690626055,1.2869508459907582,0.6621870994567871
0.25,16,1,0.497581503242978,0.49900470923022744,0.5549976222136469,0.5747736541620228,0.8494617938995361
0.25,21,1,0.09194743919203519,0.1037170462150181,0.7517505723213042,1.0388245892929135,0.9334108829498291
0.25,26,1,0.4936881281458987,0.4938773624110602,0.5593914791494744,0.5792277286955365,1.1279091835021973
0.25,31,1,0.5005015794471916,0.5099750496743332,0.5228952347306922,0.5714330469169453,1.17557692527771
0.25,36,1,0.6476445943902985,0.6481828819840803,0.4599571102007321,0.40309941881772343,1.3064775466918945
0.25,41,1,0.6694778474178711,0.6697246269747394,0.39026768216860214,0.37812187777195466,1.3655455112457275
0.25,46,1,0.43439113041068234,0.4399283839212754,0.5778492337404924,0.6470643077408942,1.406083345413208
0.25,51,1,0.7211462559082408,0.7215967741999081,0.4193958728042153,0.31901250949742616,1.838449239730835
0.25,56,1,0.37426898633735706,0.3747772527443888,0.6496547529205885,0.7158448655191898,1.713768720626831
0.25,61,1,0.7648744639945695,0.7666863783765906,0.34851879202212527,0.26898683943557805,1.800628662109375
0.25,66,1,0.8094660430030669,0.8117015154990375,0.29844602596784564,0.21797346119213376,1.9390134811401367
0.25,71,1,0.43887901347843794,0.4437231368007072,0.5448150522819795,0.6419301079314608,2.0166175365448
0.25,76,1,0.6438212657332837,0.6471548616976637,0.4580441939366089,0.40747335926267003,2.1942389011383057
0.25,81,1,0.7161067034815563,0.7161502846291982,0.4035144980472684,0.3247778266231357,2.37675404548645
0.25,86,1,0.7673443480882758,0.7695882741506537,0.31344151773437406,0.2661612581421753,2.3794827461242676
0.25,91,1,0.7466371262286597,0.750204200485086,0.36614968191787006,0.28985060408110713,2.4759445190429688
0.25,96,1,0.8231606374993813,0.8239838274005323,0.28452806486564436,0.20230665717970026,2.8953559398651123
0.25,101,1,0.6935652437941244,0.6999379732476225,0.41843637318412763,0.3505655658053518,2.783707857131958
0.25,106,1,0.8118308877829914,0.8122192550159736,0.30417074394403726,0.21526804631498112,2.863520383834839
0.25,111,1,0.8276660924282746,0.8277396664410817,0.2808364801362418,0.19715235492001523,2.8574776649475098
0.25,116,1,0.7981285378193628,0.798761080346442,0.3084531222797861,0.23094372268843769,3.0601940155029297
0.25,121,1,0.8012208564343333,0.8015113497256146,0.3082935236072642,0.2274060677620519,3.2221291065216064
0.3,1,1,-0.19154614409867143,-0.15657218757127334,0.8492049212357276,1.259602511184069,0.4337620735168457
0.3,6,1,0.10207563723104829,0.11293887500525812,0.743639109806976,0.9492102238748605,0.551044225692749
0.3,11,1,0.1277768589399143,0.13349520331152376,0.7119113301421579,0.9220410508089911,0.6602070331573486
0.3,16,1,0.1468848006642266,0.1541800467073341,0.6876757951523843,0.9018417396042129,0.9726371765136719
0.3,21,1,0.09895182215974085,0.1045612507469269,0.7106968611682905,0.9525124588137095,0.9039850234985352
0.3,26,1,0.6582012841414544,0.6591461452341916,0.4541544035389331,0.3613208963389186,1.0009315013885498
0.3,31,1,0.5602787349140612,0.5673762307677059,0.481135121589772,0.46483639132771853,1.1035511493682861
0.3,36,1,0.339505479010933,0.345320184204428,0.6112226455510862,0.6982193357609938,1.2475545406341553
0.3,41,1,0.6205844068058166,0.6246515001018327,0.4394388356516842,0.4010862997935318,1.335273027420044
0.3,46,1,0.6891115899407154,0.6911421988292239,0.3758072447447355,0.328645117059159,1.4485266208648682
0.3,51,1,0.7157482319539059,0.7164865467060924,0.38469196069290845,0.3004870962091101,1.5707929134368896
0.3,56,1,0.781897060818757,0.7822236488707232,0.3243401580232703,0.2305601098622415,1.7074220180511475
0.3,61,1,0.2972338276199775,0.39570979275435947,0.6342222097746959,0.7429053754143063,1.9075846672058105
0.3,66,1,0.40718087537722836,0.4513107215756993,0.5983179631558934,0.6266785904608235,2.067070960998535
0.3,71,1,0.6953163121507147,0.695405954670858,0.4176654617846117,0.32208600584418673,2.1476247310638428
0.3,76,1,0.6786551982113742,0.680792044063365,0.44157379691552096,0.33969873621225144,2.1144325733184814
0.3,81,1,0.7728432644031606,0.7731043781367467,0.3456452571578485,0.24013102304702727,2.3026700019836426
0.3,86,1,0.7938646005156015,0.7940400241804104,0.32401551111221766,0.21790903199211584,2.439582347869873
0.3,91,1,0.8303057662568236,0.8305910356185349,0.27502682966623243,0.17938649209263108,2.596707582473755
0.3,96,1,0.7551231438202275,0.756056531628873,0.3218380559804345,0.2588632462977104,2.610675573348999
0.3,101,1,0.8136760557223668,0.8140790270129395,0.30607558058458945,0.19696602541847721,2.7047719955444336
0.3,106,1,0.7094119191256816,0.7100560207806363,0.41169350813535377,0.3071853139739929,2.865978717803955
0.3,111,1,0.7871838117097724,0.7890837573457706,0.307910444887938,0.22497140082960496,2.9966039657592773
0.3,116,1,0.8114111367280817,0.8133805757971118,0.2887863747399463,0.1993603075593404,3.1582391262054443
0.3,121,1,0.8377783452261359,0.8396912001458836,0.26360804801691146,0.17148710919303972,3.135826587677002
0.35000000000000003,1,1,-1.969581149643226,0.4235062003602331,1.6309666696240943,3.2972512186544476,0.4591951370239258
0.35000000000000003,6,1,0.0369700878708622,0.04964404042764203,0.7828793570814878,1.0692927356943862,0.5465645790100098
0.35000000000000003,11,1,0.06351936299549599,0.0642474700877198,0.7541269988913065,1.039813955574298,0.682304859161377
0.35000000000000003,16,1,0.14972162393973976,0.15055835093818493,0.711980782619058,0.9440999489093094,0.7807002067565918
0.35000000000000003,21,1,0.37593932744748837,0.38021234925261116,0.5859685693807777,0.6929208899831881,0.8834657669067383
0.35000000000000003,26,1,-0.05584323715634709,0.08189157072298625,0.8026742051508429,1.1723472856904702,1.2143363952636719
0.35000000000000003,31,1,0.08000338101053361,0.0820108573901327,0.7396241708032402,1.0215110550137476,1.1437039375305176
0.35000000000000003,36,1,0.4557896435195119,0.4559651864330785,0.5591163894060727,0.6042597156589726,1.2346880435943604
0.35000000000000003,41,1,0.6713211018728842,0.671625539728831,0.4128980995788252,0.36494604551414167,1.3365767002105713
0.35000000000000003,46,1,0.5279751884726245,0.5281800358240436,0.5100021736404977,0.5241090600372256,1.467987298965454
0.35000000000000003,51,1,0.5628470238560235,0.5641342743630117,0.4895955910914919,0.485389390184646,1.5345616340637207
0.35000000000000003,56,1,0.7285581394005463,0.7286007508339916,0.3620532185342463,0.30139334827166075,1.6285431385040283
0.35000000000000003,61,1,0.7048438910390231,0.7052012116662354,0.35204729884825015,0.3277242785844763,1.7947816848754883
0.35000000000000003,66,1,0.48273288032647854,0.48275144682458837,0.5503977960209836,0.5743435032641911,1.9356951713562012
0.35000000000000003,71,1,0.7078507055290584,0.7083053728856112,0.38665507961967666,0.324385685617341,2.251940965652466
0.35000000000000003,76,1,0.6200332944520665,0.620363367334688,0.4531244786950972,0.4218930616078837,2.1874563694000244
0.35000000000000003,81,1,0.27015626930137937,0.3148636342634513,0.6707512291603792,0.8103762817737634,2.270505905151367
0.35000000000000003,86,1,0.7287576721687621,0.7288533683331306,0.3609248261111805,0.30117179862206106,2.346465826034546
0.35000000000000003,91,1,0.6909136852065902,0.6909577555455026,0.398902569260595,0.3431915737491883,2.6742734909057617
0.35000000000000003,96,1,0.7944914687871342,0.7953903924477033,0.2946714625313725,0.2281847913356124,2.9565911293029785
0.35000000000000003,101,1,0.7660526781108774,0.7660687026185395,0.3226413179246177,0.2597615802796061,2.866594076156616
0.35000000000000003,106,1,0.761119303391585,0.7612810989000344,0.32626763857837393,0.26523931433890957,2.994300603866577
0.35000000000000003,111,1,0.7934619865502568,0.7940896878305372,0.279436338208732,0.22932786889068607,3.4561760425567627
0.35000000000000003,116,1,0.720090496076496,0.721515300387719,0.33908839552293274,0.3107953298516927,3.0858089923858643
0.35000000000000003,121,1,0.7546266709526614,0.7551705718565298,0.31508057860325744,0.27244835801972894,3.7067201137542725
0.4,1,1,-0.25973960925917305,-0.19701006115598907,0.900204150265491,1.4135638466659382,0.444427490234375
0.4,6,1,-0.34237840111248086,0.17971814381821183,0.9231041444447329,1.5062934930447516,0.5874106884002686
0.4,11,1,0.07673574858163312,0.18576434137656783,0.7652858750567534,1.0360021683303209,0.7249314785003662
0.4,16,1,0.09335810214257134,0.09908635312770708,0.7634074629605289,1.0173500930383017,0.7951071262359619
0.4,21,1,0.2784354380510974,0.28083631672869713,0.6506469486238116,0.8096733406724754,0.8923959732055664
0.4,26,1,0.32424737010290394,0.3272705974991972,0.6306886255620032,0.7582674069236484,1.109616994857788
0.4,31,1,0.24038761759644423,0.2404104236971769,0.6707543510584352,0.8523671029736888,1.5814998149871826
0.4,36,1,0.5358278252785096,0.5366510963643547,0.4945820522256779,0.5208512933878967,1.225069522857666
0.4,41,1,0.306194874405156,0.3342109328523837,0.6510632097389693,0.7785242560953877,1.6352035999298096
0.4,46,1,0.4240969212181187,0.4335641277697002,0.5728186509284322,0.6462254305303731,1.5381488800048828
0.4,51,1,0.5807399458187078,0.5844538583497494,0.487398350640588,0.47045504530130866,1.813521385192871
0.4,56,1,0.6401511990005753,0.6402439979824137,0.44400995628717194,0.4037892050231003,1.82084321975708
0.4,61,1,0.494515364719912,0.4947950060931493,0.5068298205863452,0.5672083343455822,1.8539235591888428
0.4,66,1,0.5717478127097085,0.571801336152779,0.4690526899441737,0.48054518946591435,1.9136202335357666
0.4,71,1,0.48372608307942466,0.48930172658426374,0.5382554271871304,0.579315073187793,2.2678959369659424
0.4,76,1,0.4727564968411674,0.47371545925679337,0.5156625588004167,0.5916241332548997,2.3065781593322754
0.4,81,1,0.6897776922728205,0.6912256459712303,0.36803832730774116,0.3481029217540443,2.50131893157959
0.4,86,1,0.4911719896601864,0.4962623281183227,0.5437988284923484,0.5709599621228908,2.386002540588379
0.4,91,1,0.6718371808226686,0.6718637369374296,0.4196027294518982,0.36823411250984245,2.5670166015625
0.4,96,1,0.6962801224304145,0.7053042418520581,0.38727584121868525,0.34080649309633904,2.7414112091064453
0.4,101,1,0.6221795496365599,0.622241912207128,0.4439658864020839,0.42395533587999124,2.76248836517334
0.4,106,1,0.658324595916281,0.6597209967980248,0.41095831357671536,0.3833966916319725,3.151716947555542
0.4,111,1,0.564895668001477,0.5675320465874809,0.5184940197839482,0.4882340356056143,3.139263868331909
0.4,116,1,0.5990620775488977,0.5995580609404731,0.44308148798035085,0.4498956353904952,3.5379269123077393
0.4,121,1,0.7733756427922461,0.7791382060309943,0.3001845580883496,0.2542969957983446,3.3927934169769287
0.45,1,1,-0.14662656195959456,0.3078110248332433,0.8379053606204417,1.231669720718673,0.45018863677978516
0.45,6,1,-0.4816357643141411,-0.45803366256405,0.9846234556033209,1.5915259323147464,0.5844688415527344
0.45,11,1,0.3223048912314119,0.32441787776867637,0.6161784938687689,0.7279584941089401,0.6932072639465332
0.45,16,1,-0.4226843627820094,0.4193397642875927,0.984285870464149,1.5282022150122565,0.7889940738677979
0.45,21,1,0.27083018574877993,0.27125858586397056,0.654410951822033,0.7832509827266103,0.8935420513153076
0.45,26,1,0.12122106692997625,0.12547937807904297,0.7340354584759673,0.9439563315348617,1.01002836227417
0.45,31,1,0.278906151810164,0.2790553709863003,0.6327444734818457,0.7745760372880894,1.1049609184265137
0.45,36,1,0.4121067020332039,0.4123839471358143,0.5752496149417404,0.631496250079596,1.237213134765625
0.45,41,1,0.38820692119518696,0.39113793756544035,0.6156530134445953,0.6571686331959353,1.3443894386291504
0.45,46,1,0.49385624628605274,0.49401515583547306,0.49748876912324225,0.543683494227588,1.716526985168457
0.45,51,1,0.5068595726076723,0.5076416340039165,0.5447942338538976,0.5297157353858674,1.6045920848846436
0.45,56,1,0.6894421775036165,0.6894718208489152,0.4040074423238113,0.333591318386534,1.671119213104248
0.45,61,1,0.7587700097472118,0.7593235548333194,0.325883670037859,0.25912156981244766,1.8615481853485107
0.45,66,1,0.4640601277146428,0.4710613781415086,0.5191170362489488,0.57568953547665,1.954188585281372
0.45,71,1,0.7394347999540363,0.7395440564683269,0.359554028909478,0.27989083614210436,2.0219733715057373
0.45,76,1,0.5100580088685409,0.5107956790663877,0.5268452081646154,0.5262800770583399,2.6373918056488037
0.45,81,1,0.6891893186107684,0.6896961060356718,0.3890081507859405,0.3338629313530112,2.365385055541992
0.45,86,1,0.6995147335750838,0.6997861767131088,0.3894686591759235,0.3227716995716121,2.4808695316314697
0.45,91,1,0.6719483957088657,0.6729855746198175,0.4006982382272077,0.3523825814291683,2.6992666721343994
0.45,96,1,0.756643316957442,0.7567026019705405,0.32484355177984603,0.2614059954496434,2.7074055671691895
0.45,101,1,0.7271537792968366,0.7275029451561965,0.36482536883083677,0.2930827172521518,2.9813876152038574
0.45,106,1,0.7536079676948126,0.7536158899233808,0.355599200296818,0.2646664709197015,2.95613169670105
0.45,111,1,0.7470543240483543,0.7473302666529675,0.3208062396163853,0.2717061861221195,3.1671996116638184
0.45,116,1,0.7699603610572945,0.7702066377966599,0.3181428907047731,0.24710125096576183,3.154069423675537
0.45,121,1,0.7814996018593325,0.7815050932588167,0.2970277216438327,0.23470616614262443,3.4520795345306396
0.5,1,1,-0.330583966236208,0.13042304046641784,0.9072598963077048,1.3650561813708775,0.4982030391693115
0.5,6,1,-0.7075670070185152,-0.7058231527507064,1.0192566538975807,1.7518059417392693,0.5408968925476074
0.5,11,1,0.3401632904090154,0.34045165381587594,0.6086916599128196,0.676931484204205,0.8647730350494385
0.5,16,1,0.38990291722272885,0.3986536269680847,0.5465576349146449,0.625903223858336,0.8087666034698486
0.5,21,1,0.3298329817252519,0.33670634779300557,0.6132347796676126,0.6875294262221966,0.9258692264556885
0.5,26,1,0.2761632018971176,0.27873772699355825,0.6340319593000772,0.7425896603496557,1.0354864597320557
0.5,31,1,0.3712971724331957,0.3749988763921003,0.5675086745689485,0.6449909985335439,1.2031662464141846
0.5,36,1,0.4488127682234506,0.4507360803577102,0.5581908099857733,0.5654671609771325,1.3110206127166748
0.5,41,1,0.43259674598661246,0.43266191046355484,0.562679075512661,0.5821033011632032,1.355039119720459
0.5,46,1,0.5891593129647416,0.5891725877955143,0.46547292063899715,0.421484576416863,1.5678770542144775
0.5,51,1,0.7094532729449607,0.7096410324141744,0.379717269120837,0.298074090630633,1.636242151260376
0.5,56,1,0.6180852999028675,0.6191437264893871,0.4529786907315674,0.39180918705843404,1.7823503017425537
0.5,61,1,0.4685202792606795,0.46960845973984544,0.5239268252815182,0.5452490759532307,2.1693460941314697
0.5,66,1,0.4301483100477316,0.430255899518307,0.5583845490979488,0.5846151701604781,2.046879529953003
0.5,71,1,0.6232365130920883,0.6255682379090832,0.434764067921667,0.3865245183836751,2.110734224319458
0.5,76,1,0.7232531288414249,0.7244275217812238,0.3547366180132369,0.2839167138160143,2.247190237045288
0.5,81,1,0.6114452077135453,0.6121504079791269,0.4391702301785253,0.3986213079902278,2.4719536304473877
0.5,86,1,0.7192808388914137,0.7193032134438349,0.37332496379947055,0.2879919161993697,2.466447353363037
0.5,91,1,0.7672087933517282,0.7677762514063098,0.3167713842471936,0.23882226425956865,2.6791489124298096
0.5,96,1,0.4598891542797414,0.4615341117766788,0.5284483725616258,0.5541038125248291,2.63641357421875
0.5,101,1,0.6421600472910247,0.6430960197154683,0.43001056552894207,0.3671107211434222,2.760664463043213
0.5,106,1,0.41254628625040624,0.4183523383122094,0.5797788278997728,0.6026732198581182,3.150481700897217
0.5,111,1,0.7217734538122923,0.7217899506117114,0.3737806618123508,0.2854347236494344,3.4055471420288086
0.5,116,1,0.742161271608283,0.7423136982863168,0.34881724596127217,0.2645187067626506,3.470763683319092
0.5,121,1,0.7894691730023243,0.789475843260625,0.3069631946837672,0.21598517196567707,3.2765207290649414
0.55,1,1,0.06187545606145839,0.07140273350675852,0.7460126589205416,1.0169565701805798,0.4816856384277344
0.55,6,1,0.40122904937349624,0.421478501206783,0.582493760634266,0.6490865804623766,0.5394489765167236
0.55,11,1,-0.10756743215692688,-0.016737314104633416,0.832320141407416,1.2006380009217728,0.7431693077087402
0.55,16,1,-0.1994443734828879,-0.13602979621021016,0.8670875970908226,1.300235500777456,0.7857208251953125
0.55,21,1,0.36388528858018165,0.3832653794807491,0.5567680689198494,0.6895683940332846,1.1286323070526123
0.55,26,1,0.3210219534222717,0.3508118976643907,0.5950248031719639,0.7360336001621891,1.219529151916504
0.55,31,1,0.26215187676261276,0.26229223924963196,0.6561444651203461,0.7998506185238754,1.4723734855651855
0.55,36,1,0.2850714102797546,0.28543602225637077,0.6383408124645136,0.7750051218930376,1.4216582775115967
0.55,41,1,0.3987197446584374,0.4047178620230303,0.579453507741612,0.6518067458530514,1.4942762851715088
0.55,46,1,0.5213462578536314,0.5223285042289261,0.5397316741940351,0.5188757410329091,1.6268680095672607
0.55,51,1,0.5404162169069426,0.5419301488622716,0.4963385147291192,0.4982033044383816,1.618856430053711
0.55,56,1,0.43030793918692223,0.4426000415856757,0.5782545360194133,0.6175641474971668,1.7508971691131592
0.55,61,1,0.46401238515916643,0.4739821519367323,0.5087413677498878,0.581027465883584,1.8115332126617432
0.55,66,1,0.18717419791536216,0.2104902261711804,0.7021240968135477,0.8811287852803741,1.9776253700256348
0.55,71,1,0.6830438193415503,0.6830500097435339,0.4278736329794146,0.3435904885578494,2.477294683456421
0.55,76,1,0.548761464689243,0.5514620276544941,0.4982072559985088,0.489156792845832,2.410236120223999
0.55,81,1,0.7506776369973034,0.7559768335013601,0.3601844615526367,0.27027329877124534,2.2678184509277344
0.55,86,1,0.5896250208723897,0.5904710056938147,0.47745407727600103,0.4448594101476594,2.6115224361419678
0.55,91,1,0.07599967047149836,0.08227333325389463,0.7339276613829501,1.001645476642161,2.8443284034729004
0.55,96,1,0.7342506105935728,0.7425316678244892,0.3578640236828374,0.2880807130828553,2.877936363220215
0.55,101,1,0.7531333523692266,0.7536594751169584,0.360288628670837,0.26761122591737246,3.1039936542510986
0.55,106,1,0.657559548461944,0.6582212310599997,0.3734792115287754,0.37121624131608355,3.027390956878662
0.55,111,1,0.7500727834839109,0.7505222065467787,0.3394194473805497,0.27092897904143515,3.1130754947662354
0.55,116,1,0.7078544458238734,0.707928503431112,0.36638590102656904,0.31669498755585496,3.267615556716919
0.55,121,1,0.7695340345009349,0.769813911962716,0.35588891707986614,0.249832369626862,3.2809932231903076
0.6000000000000001,1,1,-1.1496525322624929,-0.44990527785877266,1.2243917177345618,2.2939098350568083,0.4424562454223633
0.6000000000000001,6,1,0.050786250384650566,0.051566201328918315,0.7405073961478371,1.0129128885411507,0.5587375164031982
0.6000000000000001,11,1,-0.12023749366328285,-0.09262128310899587,0.7895269741811993,1.1954135683542209,0.6958868503570557
0.6000000000000001,16,1,-0.209053105838225,-0.0710682295178724,0.8162344772104301,1.2901893533785391,0.8605878353118896
0.6000000000000001,21,1,0.23142396984247948,0.25667716652705874,0.6830860573904097,0.8201530657197253,1.009042739868164
0.6000000000000001,26,1,0.3484924636860799,0.3491961216386338,0.6023858350591565,0.6952284254010032,1.1834356784820557
0.6000000000000001,31,1,0.1739811742762597,0.17456829587976286,0.6961297485526797,0.8814506902078205,1.5234627723693848
0.6000000000000001,36,1,0.17760455330072789,0.21224213860483976,0.6732174607648715,0.8775841561258598,1.6595959663391113
0.6000000000000001,41,1,0.40733471054905923,0.4083222524136616,0.6083384183697771,0.6324374362666966,1.5473802089691162
0.6000000000000001,46,1,0.32462056410106466,0.33145555051322273,0.6262623629325604,0.7207023028847845,1.8805668354034424
0.6000000000000001,51,1,0.5251919110842157,0.5356992292118792,0.5161970958615822,0.5066711613072208,1.6580829620361328
0.6000000000000001,56,1,0.22368965535040375,0.22975466720321047,0.6589955445992509,0.8284064089063667,1.8225319385528564
0.6000000000000001,61,1,0.6041261471689765,0.6053328585006101,0.43983643789933746,0.42243986449993814,1.9407858848571777
0.6000000000000001,66,1,0.538127270577742,0.5458020886564962,0.4903678141922443,0.49286774521235766,2.196702003479004
0.6000000000000001,71,1,0.4356054430542269,0.43564862530122916,0.5601403800016894,0.6022695322149615,2.1884140968322754
0.6000000000000001,76,1,0.34607070906674653,0.3462409710100871,0.6435609535877135,0.6978126973500777,2.214881420135498
0.6000000000000001,81,1,0.5653629233962049,0.5653660026920084,0.47234250305576897,0.463804382214474,2.537165403366089
0.6000000000000001,86,1,0.5839257896282657,0.5842877645466635,0.47767443939119325,0.4439958127933724,3.3128178119659424
0.6000000000000001,91,1,0.6034127550368058,0.6143075044736522,0.45162369689041465,0.42320113042718827,2.9087114334106445
0.6000000000000001,96,1,0.4529079711467612,0.45569342110741484,0.5725420539800662,0.5838058787792886,2.9867751598358154
0.6000000000000001,101,1,0.5039941523332998,0.5193914118807723,0.5065964297990059,0.5292914436784882,2.8395767211914062
0.6000000000000001,106,1,0.6131954093506384,0.6209060763089255,0.4755697078983079,0.4127619889349383,3.1661300659179688
0.6000000000000001,111,1,0.4488053764376645,0.44933946154295346,0.5246927293285846,0.5881837873999641,3.333777904510498
0.6000000000000001,116,1,0.7175090384685359,0.7267725440040085,0.3892850442068388,0.3014481574329856,3.4285902976989746
0.6000000000000001,121,1,0.5547885246668429,0.5671064763648219,0.49138008331527494,0.47508839992479934,3.621212959289551
0.6500000000000001,1,1,-2.401577000885877,0.047548490642319696,1.624216973700152,3.6125585423232582,0.44620299339294434
0.6500000000000001,6,1,-3.616431287483363,0.595291001269785,2.1149356464704137,4.902763711744035,0.5876765251159668
0.6500000000000001,11,1,0.25059974452333833,0.2508691049581714,0.6700457552732051,0.7958815260793429,0.7147252559661865
0.6500000000000001,16,1,0.15294663999313696,0.15316104445371237,0.6839599794862546,0.8995915278999959,0.8353767395019531
0.6500000000000001,21,1,0.145219672447512,0.19699136572465326,0.6737958968919291,0.9077977577180868,0.9693832397460938
0.6500000000000001,26,1,0.281224685134971,0.28147033482819817,0.6274599911572449,0.763357084978676,1.0493783950805664
0.6500000000000001,31,1,-0.5998519513240521,0.2375708689875532,1.0228358098093573,1.6990821703295445,1.2993721961975098
0.6500000000000001,36,1,0.1754085660601703,0.18204066600474145,0.6685124626677487,0.8757364092684429,1.3931231498718262
0.6500000000000001,41,1,0.13343767895603464,0.14252919036848033,0.6945111792620017,0.9203105249499174,1.7484385967254639
0.6500000000000001,46,1,0.2995944541346294,0.30349958555302825,0.6464998759578807,0.7438479379263123,1.8646392822265625
0.6500000000000001,51,1,0.4879528584625936,0.4906018784279472,0.5393154910702375,0.5438066740077965,1.7038156986236572
0.6500000000000001,56,1,0.4641163095458817,0.46434694182084135,0.5646966636328148,0.56912167595723,2.233708143234253
0.6500000000000001,61,1,0.3233373547661633,0.32867059555278,0.5908172748214915,0.7186323927619247,2.279609203338623
0.6500000000000001,66,1,0.671380404513144,0.6716189406912277,0.4329275599744664,0.3490021030074235,2.194905996322632
0.6500000000000001,71,1,0.42300721268308583,0.4283852552816868,0.5733576157211826,0.6127805491799178,2.420048236846924
0.6500000000000001,76,1,0.5969564540935599,0.5973417287937898,0.43815721792068724,0.4280421711204461,2.474726676940918
0.6500000000000001,81,1,0.6390731237650729,0.6405713485835162,0.42591683355074644,0.3833132307623692,2.808695077896118
0.6500000000000001,86,1,0.6232228938452453,0.6296639486031834,0.42017112014784863,0.4001465652656741,2.8222999572753906
0.6500000000000001,91,1,0.2729781180434222,0.2742910557414222,0.6324414295864009,0.772115142310219,2.6776812076568604
0.6500000000000001,96,1,0.6715141763360939,0.671552239095412,0.4193099618677916,0.3488600340371799,2.862194538116455
0.6500000000000001,101,1,0.533432231655635,0.5334805285762796,0.506641356176814,0.49550645969977375,3.218825101852417
0.6500000000000001,106,1,0.6918738159843046,0.6933052688880399,0.3664969677181413,0.32723759535341296,3.1737143993377686
0.6500000000000001,111,1,0.5800237324460937,0.580486840240004,0.5029640485738248,0.4460251384959914,3.1992359161376953
0.6500000000000001,116,1,0.4948284826251138,0.4970639389879359,0.5331006896809531,0.5365045918277819,3.2870960235595703
0.6500000000000001,121,1,0.625474274152632,0.6281112289253102,0.396520820941976,0.3977555439366404,3.2252330780029297
0.7000000000000001,1,1,-1.7935534324946136,-0.6229456731251757,1.344234869039972,2.9858037174790604,0.4521787166595459
0.7000000000000001,6,1,-0.039758987735589946,0.030053167619224053,0.7738353060793078,1.1113144337070684,0.5696969032287598
0.7000000000000001,11,1,0.0713690784821791,0.08938228159430883,0.7501669368670676,0.99253861600847,0.6685056686401367
0.7000000000000001,16,1,-3.5563456560222155,0.35076848674951344,2.0460477025937203,4.869910000512198,0.8611867427825928
0.7000000000000001,21,1,-0.0014609766420072834,0.005020540841648047,0.7652492594964656,1.0703807817621476,0.9172418117523193
0.7000000000000001,26,1,-0.042021352177107785,-0.039258593853092494,0.7601587991551636,1.1137324923993426,1.3068060874938965
0.7000000000000001,31,1,0.3407705837080174,0.35355017896909724,0.6023204348828309,0.7045970980689119,1.2456510066986084
0.7000000000000001,36,1,0.2886017583667977,0.32512271874533305,0.6407207113116554,0.7603561434583649,1.2761669158935547
0.7000000000000001,41,1,0.1438010318389552,0.1973971740710595,0.6995233097725094,0.9151219490919518,1.4315872192382812
0.7000000000000001,46,1,0.07842474313946157,0.09370869944202098,0.741348972524389,0.9849973857180627,1.5782618522644043
0.7000000000000001,51,1,0.44956893616856053,0.4556095934993579,0.5455890240847245,0.5883113233084847,1.5471765995025635
0.7000000000000001,56,1,0.31055501256060536,0.3155871669989285,0.6035062549700971,0.7368920825171357,1.6645965576171875
0.7000000000000001,61,1,0.38498479522581064,0.41324729258775117,0.5674969002171771,0.6573400971540073,1.8237392902374268
0.7000000000000001,66,1,0.38121681700996835,0.3923650268417901,0.5500108214435585,0.6613673848490902,1.939256191253662
0.7000000000000001,71,1,0.43529912725682984,0.4495272073649237,0.5068429853316837,0.6035631699353502,2.006279945373535
0.7000000000000001,76,1,0.36359318609017066,0.3681743938908192,0.609060848996008,0.6802038610387798,2.493990898132324
0.7000000000000001,81,1,0.41818488419978384,0.4399720589767767,0.581714082381689,0.6218552025656108,2.4686896800994873
0.7000000000000001,86,1,0.6640572375871854,0.6705572924024543,0.42797241652113177,0.3590620953244647,2.387784004211426
0.7000000000000001,91,1,0.6371849240092083,0.6383833611525587,0.42956342052993474,0.3877837416853641,2.732531785964966
0.7000000000000001,96,1,0.5996181869556616,0.6123089361219729,0.4182560337146397,0.4279357938506503,2.998659372329712
0.7000000000000001,101,1,-0.5224449188650757,-0.506192161145125,0.9806754245692364,1.627218454291446,2.9939119815826416
0.7000000000000001,106,1,0.6453553150385816,0.6497006048859575,0.41243408950856847,0.37905107037684516,3.2856333255767822
0.7000000000000001,111,1,0.6179158668844023,0.6204872554451932,0.45678571709786087,0.4083788810968144,3.2866263389587402
0.7000000000000001,116,1,0.5743924721354736,0.5772126527301442,0.48568456416802036,0.45489752374279163,3.4305567741394043
0.7000000000000001,121,1,0.5256170571400711,0.5387420262813856,0.47501772920787133,0.5070296267914908,3.4076309204101562
0.7500000000000001,1,1,-1.5980548597269917,-0.6054705730242296,1.336030189914037,2.6869739161181636,0.6600053310394287
0.7500000000000001,6,1,-0.8135600064837889,0.1723736198809207,1.1059182719415654,1.8756295366484643,0.5440559387207031
0.7500000000000001,11,1,-12.399955323753446,0.43027662270649414,3.6427118662031117,13.858572037950628,0.847052812576294
0.7500000000000001,16,1,-0.39093971547969253,0.26719044401492764,0.9124981393870278,1.4385449638963699,0.8818159103393555
0.7500000000000001,21,1,0.10756745400470868,0.18492772941233293,0.7060853526134742,0.9229762658807948,0.9559783935546875
0.7500000000000001,26,1,0.18451411081435876,0.22742450727798713,0.6528118867976099,0.843396091118145,1.0389080047607422
0.7500000000000001,31,1,0.358276709352496,0.38720881459415857,0.5748191926102851,0.6636864255886229,1.3199822902679443
0.7500000000000001,36,1,-0.326354583144816,-0.30452109049517717,0.8820825343349497,1.371749389775549,1.2417898178100586
0.7500000000000001,41,1,0.0923712394797146,0.1376004386497126,0.7228238363605746,0.9386925745259038,1.3524417877197266
0.7500000000000001,46,1,0.4152338412169797,0.43638866847737057,0.5377309971333704,0.6047799221005279,1.8379449844360352
0.7500000000000001,51,1,0.4219011256467933,0.42897763669360633,0.5185749107649194,0.597884448247396,1.8075690269470215
0.7500000000000001,56,1,0.4795443208650294,0.49957638924541914,0.5231465130817585,0.5382684007212157,2.12064266204834
0.7500000000000001,61,1,-0.03618288157499849,-0.018248742489403114,0.7735935463927308,1.0716464914881534,2.1054742336273193
0.7500000000000001,66,1,0.6112649808979096,0.6157971014758679,0.4464288919963426,0.4020395692178621,2.242335796356201
0.7500000000000001,71,1,0.2917283858918097,0.335887422688528,0.6098045643427263,0.7325123815266928,2.4684958457946777
0.7500000000000001,76,1,0.30207237645684726,0.3366573662076572,0.6032860391696923,0.7218143653809719,2.411775827407837
0.7500000000000001,81,1,0.5876671387540746,0.602181060839426,0.4565037870916431,0.42644505322054455,2.6441965103149414
0.7500000000000001,86,1,0.5449794788815823,0.5554168917065552,0.4990256359498565,0.4705937085840283,2.661874532699585
0.7500000000000001,91,1,0.5036433506735927,0.5209908093285966,0.4956385661456352,0.5133445757846753,2.920562267303467
0.7500000000000001,96,1,0.10245071441581832,0.11274994416470452,0.701418997686446,0.9282681271205387,3.367276430130005
0.7500000000000001,101,1,0.5627797322371945,0.5655666189175415,0.48007377107069155,0.45218423724905776,3.007744312286377
0.7500000000000001,106,1,0.6552439436500372,0.6598550576469002,0.4212780222834551,0.3565554158211487,3.3724117279052734
0.7500000000000001,111,1,0.5430318988720155,0.5510040663945817,0.4714655193035672,0.47260794499080255,3.0995700359344482
0.7500000000000001,116,1,0.60720176886293,0.6131451775212395,0.4259680504334391,0.40624184566817345,3.1708858013153076
0.7500000000000001,121,1,0.6311486131898458,0.6371390120940897,0.42026212072827146,0.38147541479822383,3.381084680557251
0.8,1,1,-0.1904809762414319,-0.14087360178981445,0.8324004039692603,1.2045178608160305,0.46387314796447754
0.8,6,1,-0.7403346085565927,0.17552643166824367,1.059482220785636,1.7608547819226674,0.5823593139648438
0.8,11,1,-28.223373208422654,-4.557799844939435,4.977439329893703,29.567944121182755,0.6677937507629395
0.8,16,1,0.005416700712426836,0.08135784166885174,0.7534612286235691,1.0063103669606746,0.7961971759796143
0.8,21,1,-0.010614352833375973,0.046221036473326094,0.7056533717970918,1.0225304416271188,1.2556891441345215
0.8,26,1,-0.8727900640066761,0.016627091889505063,1.0498584190310036,1.8948720111234738,1.0499470233917236
0.8,31,1,-0.012760325422281449,0.12076755132888817,0.7583063831055291,1.024701717240711,1.3931665420532227
0.8,36,1,0.18421310650697942,0.2063481451544964,0.6699682983029188,0.8254057842522708,1.3566479682922363
0.8,41,1,0.04477946944221123,0.08048676925197318,0.7260277974291857,0.9664834743580829,1.492936134338379
0.8,46,1,-0.18348557796389864,-0.17699640538666261,0.8229165478684929,1.1974399802476126,1.6263279914855957
0.8,51,1,0.33538868948909184,0.40676877173660086,0.5944599392142185,0.6724476997004842,1.7369937896728516
0.8,56,1,0.25790686513323147,0.2646482053097695,0.6106743833584223,0.7508431072607955,1.6608927249908447
0.8,61,1,0.18698893021794094,0.2098286822123412,0.667498408527266,0.8225972309825781,1.788102388381958
0.8,66,1,0.20876618470731645,0.21790538050776753,0.6492112112996226,0.800563202287046,2.351356267929077
0.8,71,1,0.23253368325349255,0.35678680057311607,0.6283337235667137,0.7765154626951264,2.1526710987091064
0.8,76,1,0.11700382741736204,0.13861931747810763,0.6804698233401869,0.8934075236262192,2.3999006748199463
0.8,81,1,0.07764695945006528,0.0892088608469368,0.7123802337056815,0.9332284458908126,2.3914480209350586
0.8,86,1,0.08236287343198767,0.0934838679552017,0.6823188553164009,0.9284569268706333,2.465400457382202
0.8,91,1,0.06442862346502665,0.11740866639748426,0.6955641675385291,0.946602638424753,2.7168660163879395
0.8,96,1,0.34967500579596356,0.35274431127310657,0.576718408553109,0.6579929343574684,2.701925039291382
0.8,101,1,0.35687429032171314,0.4087441363687261,0.5875758756689656,0.6507087635312029,2.7914133071899414
0.8,106,1,0.4559273905212661,0.4631910441445698,0.5423507664105204,0.5504877346019974,2.8391921520233154
0.8,111,1,0.5027959762634486,0.5301032506505321,0.499506642890316,0.5030665243816692,2.9479475021362305
0.8,116,1,0.13090606570313856,0.3197859122967195,0.7109159612998621,0.879341364943527,3.4515247344970703
0.8,121,1,0.2516413700583864,0.3787369051235029,0.6227618505004575,0.7571824783848372,3.2493159770965576
0.8500000000000001,1,1,0.048096848621906774,0.20546709166008514,0.7212077336804619,0.9762559088310424,0.45591163635253906
0.8500000000000001,6,1,-0.4982589404229567,-0.46541460420620795,0.9423184613254305,1.5365892437999444,0.5961687564849854
0.8500000000000001,11,1,-0.04626711430914687,-0.046162904068602906,0.7685686182397855,1.0730340067486566,0.7131068706512451
0.8500000000000001,16,1,-1.230495351560069,0.38888112294562427,1.321827986062187,2.287558627606413,0.9153501987457275
0.8500000000000001,21,1,0.07823867187376132,0.18214476142778624,0.7300616917554276,0.9453429603761885,0.9511408805847168
0.8500000000000001,26,1,0.0848638749725582,0.1402070883106602,0.7165678902994174,0.9385482631813715,1.0226235389709473
0.8500000000000001,31,1,0.2548888848228581,0.2752032848179168,0.6443461452276559,0.7641734643637537,1.1842520236968994
0.8500000000000001,36,1,0.39874722005587115,0.41100865850574075,0.5806211475569274,0.6166347682238115,1.1983935832977295
0.8500000000000001,41,1,0.1925501790781553,0.2159636700983778,0.6512843783549662,0.8281069955680987,1.415801763534546
0.8500000000000001,46,1,0.21818553694722964,0.23732954965382735,0.6542897489871636,0.801815802437316,1.4708070755004883
0.8500000000000001,51,1,0.04212770734232796,0.24745745342094227,0.72910705290351,0.9823777600260927,1.6557786464691162
0.8500000000000001,56,1,0.1733930789055944,0.1994355587491441,0.641688675511613,0.8477541962444018,1.694171667098999
0.8500000000000001,61,1,0.2319806674194671,0.24169893643054574,0.6602627590990308,0.7876677479665227,1.8284175395965576
0.8500000000000001,66,1,0.3970129544095744,0.41301203796393515,0.5738039968767638,0.618413401987371,1.9613120555877686
0.8500000000000001,71,1,0.28081411512437693,0.29747145418377763,0.6215263102277012,0.7375849829273576,2.104360580444336
0.8500000000000001,76,1,0.35655229312581904,0.36519747501347033,0.5770260257522466,0.6599091776829263,2.075106620788574
0.8500000000000001,81,1,0.39518757603946064,0.39521250063803304,0.5725394171595258,0.6202854794325355,2.1626977920532227
0.8500000000000001,86,1,0.4124032444249959,0.4210474872096568,0.5652874553900997,0.6026293786395895,2.622685670852661
0.8500000000000001,91,1,-0.022144801712106643,0.01257307538582586,0.7348801730157944,1.0482945674754105,2.463284969329834
0.8500000000000001,96,1,0.054342562613806655,0.1776756705191782,0.7365632281374953,0.9698504093003038,2.70489239692688
0.8500000000000001,101,1,0.1970290984828742,0.21387866470012085,0.659882600046858,0.823513490937187,2.717221736907959
0.8500000000000001,106,1,0.5579515798627587,0.5813829984056968,0.47523261271208056,0.4533574466306159,2.9678103923797607
0.8500000000000001,111,1,0.168468154844028,0.1690264670663243,0.6680097705032407,0.8528051157719692,3.176893711090088
0.8500000000000001,116,1,0.3856834561465122,0.4050468774605125,0.5534498197965988,0.630032745412585,3.242081642150879
0.8500000000000001,121,1,0.38889130211489675,0.4358588684611375,0.5936422623099037,0.6267428323823345,3.4530866146087646
0.9000000000000001,1,1,-4.578535308251247,0.40057301478180063,2.236652919975948,5.604873355991633,0.5862715244293213
0.9000000000000001,6,1,-0.3930212371544033,-0.2995138099862673,0.900144035980276,1.3995981355372595,0.5900704860687256
0.9000000000000001,11,1,-0.23412437522789453,-0.21878217700165803,0.8426240055086668,1.2399510707521209,1.0154147148132324
0.9000000000000001,16,1,0.06184526622772535,0.06255658169572731,0.7270373217376559,0.9425840620458478,0.830873966217041
0.9000000000000001,21,1,-0.27225197555668523,-0.20998135949920504,0.8701628068129872,1.2782586836652543,0.8799018859863281
0.9000000000000001,26,1,0.1450119788448112,0.1453965678395801,0.6957706046450145,0.8590246928036295,1.1628837585449219
0.9000000000000001,31,1,-12.794766577095325,-2.300444598492395,3.352723158132318,13.859896078048312,1.1003351211547852
0.9000000000000001,36,1,-0.09401899193935592,-0.09389189170585821,0.7762165102113787,1.0991842051801806,1.4044106006622314
0.9000000000000001,41,1,0.2582030007853112,0.27830055739033643,0.6037397910590403,0.7452992598797945,1.3903861045837402
0.9000000000000001,46,1,0.30914272850070457,0.31393443185693803,0.6108563922372194,0.6941190294327134,1.6551504135131836
0.9000000000000001,51,1,0.17921481808208561,0.1816909880269374,0.6729199940304429,0.8246603710332329,2.3243186473846436
0.9000000000000001,56,1,-0.2605842022930773,-0.24921567437482217,0.8709173483016295,1.2665358231157802,1.8431010246276855
0.9000000000000001,61,1,0.4148494510977434,0.4175719524859066,0.5601022610451786,0.5879132316210529,1.892960548400879
0.9000000000000001,66,1,0.0704912081868112,0.0807878671345259,0.723197987176156,0.933897299832072,2.1108758449554443
0.9000000000000001,71,1,0.23162671962979986,0.2324887531473978,0.6596366911065806,0.7720010161507541,2.4043917655944824
0.9000000000000001,76,1,0.017156287785793034,0.01896722213340063,0.7363578992952161,0.9874840314348,2.2254936695098877
0.9000000000000001,81,1,0.34497985939080134,0.3541964113449453,0.5950352603632932,0.6581126999963843,2.2774431705474854
0.9000000000000001,86,1,0.15394103810246418,0.1551646056639835,0.7013876785452531,0.8500534766040536,2.7374353408813477
0.9000000000000001,91,1,0.4248548362507587,0.434422527240917,0.558328835799087,0.5778606078476364,2.63175630569458
0.9000000000000001,96,1,-0.035656445790212654,-0.031283148412388107,0.7744973014511856,1.0405461108016567,2.524298906326294
0.9000000000000001,101,1,0.01892352665809849,0.031683300915601675,0.7247160588542381,0.9857084488630797,2.646472215652466
0.9000000000000001,106,1,0.06452094296550903,0.06653693779747127,0.7109847014057669,0.9398957525832065,3.199032783508301
0.9000000000000001,111,1,0.08974896810339428,0.12001804113985659,0.703016794582548,0.9145486178773501,2.9040396213531494
0.9000000000000001,116,1,0.4724204191881761,0.4814160925249329,0.5322007540415803,0.5300704525941934,3.035592794418335
0.9000000000000001,121,1,0.3908165299134554,0.398053816981075,0.5537427462791714,0.6120596199056668,3.0934808254241943
0.9500000000000001,1,1,0.13270965942451896,0.1973596495647808,0.6932085413258079,0.8681009651392546,0.48526906967163086
0.9500000000000001,6,1,-29.97918275059987,-3.6922923112028982,5.188126316618609,31.008137859781186,0.5611789226531982
0.9500000000000001,11,1,-3.447973119747683,0.34399185667645715,1.9508236664269418,4.452130477556464,0.6661801338195801
0.9500000000000001,16,1,-3.800661826632779,0.5234050618955375,2.0824787752423215,4.805148829677752,0.7733211517333984
0.9500000000000001,21,1,-0.16282609023201267,-0.13836877348192056,0.8198598459019143,1.1639129412529907,0.8848788738250732
0.9500000000000001,26,1,0.10495380299820756,0.11721494765995022,0.6914622209159619,0.8958827639495118,1.0052270889282227
0.9500000000000001,31,1,0.18830827752055623,0.23234323719382688,0.6662893019292528,0.8124503810481728,1.4332544803619385
0.9500000000000001,36,1,0.34482157714983686,0.346624967578816,0.6131172604650257,0.6557907941615562,1.2741148471832275
0.9500000000000001,41,1,0.08966416410505562,0.15291915720048543,0.6969138976355915,0.9111866935089818,1.3662245273590088
0.9500000000000001,46,1,0.17881511953196416,0.17900088038104867,0.6639624553047574,0.8219524119443637,1.5228540897369385
0.9500000000000001,51,1,0.11126885063455505,0.14451522626503166,0.704925563017468,0.8895618138690855,1.5769214630126953
0.9500000000000001,56,1,0.2120513302147159,0.21521700192822701,0.6395567886935404,0.788685136590964,1.6660716533660889
0.9500000000000001,61,1,0.17236279821292866,0.17462300416683652,0.6688414003334036,0.8284107640121692,1.8727240562438965
0.9500000000000001,66,1,0.1572983978991448,0.23088210097417283,0.6749284698281883,0.8434892444700081,1.8796703815460205
0.9500000000000001,71,1,-0.09017424103440597,-0.051089052547070635,0.7979816721221363,1.0911931870288802,1.9417011737823486
0.9500000000000001,76,1,0.03576842718125828,0.05218597443678452,0.7401963747190005,0.9651328048070678,2.5365982055664062
0.9500000000000001,81,1,0.25603104584756964,0.26844665549641955,0.6519800478154931,0.7446643147262847,2.323033332824707
0.9500000000000001,86,1,0.485975411193879,0.5065288510006914,0.5256655348395942,0.5145050287909517,2.397303342819214
0.9500000000000001,91,1,0.2884399010426866,0.35754039259165504,0.6607151399336677,0.7122251681594368,2.4291625022888184
0.9500000000000001,96,1,0.3117429077280722,0.31625213877942115,0.6217555669277245,0.6889003810059137,2.5884156227111816
0.9500000000000001,101,1,0.4165244876925459,0.4494148192944667,0.549130000553526,0.5840208655306006,2.6330931186676025
0.9500000000000001,106,1,0.2369173192230728,0.23711884682674667,0.6489387286527396,0.7637959062520517,2.8034396171569824
0.9500000000000001,111,1,0.4873284737215545,0.5004048472038968,0.5414617364184908,0.5131507016052141,2.888077735900879
0.9500000000000001,116,1,0.37151992071507156,0.38331353811091196,0.5241782948359427,0.6290674966309727,2.9871087074279785
0.9500000000000001,121,1,0.23366440875189454,0.2359722833646598,0.6529765687369194,0.7670518570996857,3.4166738986968994
